source_id,sector,venue_type,venue_name,district_or_area,url,source_date,access_position,rule_features,rule_summary,evidence_level,source_grounding
PPR_001,official_public_space,pet_friendly_park,景田北六街宠物公园,福田区,https://cgj.sz.gov.cn/zjcg/zh/content/post_10406034.html,2023-02-02,allowed_designated_pet_park,pet_activity_area|leisure_area|training_facilities|pet_toilet|handwashing_facility,"Official city-management media lists Jingtian North 6th Street Pet Park as Shenzhen's first pet-theme community park with activity and leisure areas, training facilities, pet toilets and handwashing facilities.",official_page,public_source_metadata
PPR_002,official_public_space,pet_friendly_park,洪湖东宠物乐园,罗湖区,https://cgj.sz.gov.cn/zjcg/zh/content/post_10406034.html,2023-02-02,allowed_designated_pet_park,fenced_area|grass_slope|resting_space|pet_exercise_equipment,The official list describes Honghu East Pet Park as a fenced corner of Honghu East Community Park with pet exercise equipment and resting space.,official_page,public_source_metadata
PPR_003,official_public_space,pet_friendly_park,春天海社区公园,盐田区,https://cgj.sz.gov.cn/zjcg/zh/content/post_10406034.html,2023-02-02,allowed_designated_pet_park,pet_toilet|handwashing_facility|rest_seats|community_pet_exchange,"The official list identifies Chuntianhai Community Park as Yantian's first pet-friendly park with pet toilet, handwashing and seating facilities.",official_page,public_source_metadata
PPR_004,official_public_space,pet_friendly_park,四海公园宠物乐园,南山区,https://cgj.sz.gov.cn/zjcg/zh/content/post_10406034.html,2023-02-02,allowed_designated_pet_park,activity_facilities|drinking_pool|resting_benches,"The official list places Sihai Park Pet Park at the east gate of Sihai Park and notes activity facilities, a drinking pool and benches.",official_page,public_source_metadata
PPR_005,official_public_space,pet_friendly_park,灵芝街心宠物公园,宝安区,https://cgj.sz.gov.cn/zjcg/zh/content/post_10406034.html,2023-02-02,allowed_designated_pet_park,450sqm_pet_activity_area|sandpit|grass|climb_jump_tunnel_facilities,"The official list describes a roughly 450 square metre pet activity area with sandpit, grass and recycled-material play facilities.",official_page,public_source_metadata
PPR_006,official_public_space,pet_friendly_park,龙岗河干流宠物乐园,龙岗区,https://cgj.sz.gov.cn/zjcg/zh/content/post_10406034.html,2023-02-02,allowed_designated_pet_park,riverside_biway|grass_activity_area,The official list locates Longgang River Mainstream Pet Park on the right bank top park of the Longgang River greenway.,official_page,public_source_metadata
PPR_007,official_public_space,pet_friendly_park,龙华区宠物公园,龙华区,https://cgj.sz.gov.cn/zjcg/zh/content/post_10406034.html,2023-02-02,allowed_designated_pet_park,500sqm|civilized_dog_ownership_signage|feces_collection_box|pet_sculpture,The official list describes Longhua District Pet Park as about 500 square metres with civilized dog-ownership signage and feces collection box.,official_page,public_source_metadata
PPR_008,official_public_space,pet_governance_education_base,坪山养犬教育科普基地,坪山区,https://cgj.sz.gov.cn/zjcg/zh/content/post_10406034.html,2023-02-02,allowed_governance_education_site,dog_ownership_education|adoption_requirements|life_care_activity,"The official list presents the Pingshan base as a place to learn scientific dog ownership, adoption requirements and life-care activities.",official_page,public_source_metadata
PPR_009,official_public_space,pet_friendly_park,光明区宠物公园,光明区,https://cgj.sz.gov.cn/zjcg/zh/content/post_10406034.html,2023-02-02,allowed_designated_pet_park,pet_fitness_facilities|rainbow_track,"The official list describes Guangming District Pet Park as having jump bars, platforms, tunnels, bridges and a rainbow track.",official_page,public_source_metadata
PPR_010,official_public_space,pet_friendly_park,大鹏宠物公园,大鹏新区,https://cgj.sz.gov.cn/zjcg/zh/content/post_10406034.html,2023-02-02,allowed_designated_pet_park,open_space|jump_platform|hoop|slope|bridge|seesaw,"The official list describes Dapeng Pet Park as integrating dog walking, strolling and exercise with multiple pet entertainment facilities.",official_page,public_source_metadata
PPR_011,official_public_space,public_pet_park_code,深圳宠物公园通用提醒,citywide,https://cgj.sz.gov.cn/zjcg/zh/content/post_10406034.html,2023-02-02,conditional_access,clean_feces|leash_required|transit_not_pet_accessible,"The official list reminds visitors to clean pet feces and leash pets, and notes that Shenzhen metro and buses cannot currently carry pets.",official_page,public_source_metadata
PPR_012,official_private_space_governance,restaurant_mall_shop,餐厅、商店、市场等经营场所,citywide,https://www.sz.gov.cn/hdjlpt/detail?pid=3323947&via=pc,2025,operator_discretion_under_municipal_rule,operator_decides|leash_required|specific_rules_by_operator|public_health_and_safety_responsibility,"A Shenzhen government interaction reply states that managers of restaurants, shops and markets may decide whether dogs can enter; dogs must remain leashed and detailed rules such as seat use are normally set and publicized by each operator.",official_interaction_reply,public_source_metadata
PPR_013,official_residential_standard,residential_community,深圳住宅小区宠物集中活动场地标准条文说明,citywide,https://zjj.sz.gov.cn/attachment/1/1683/1683075/12647673.pdf,2026,design_guidance,pet_activity_area|fence_or_barrier|pet_drinking_facility|pet_surface_material|waste_collection|fixed_excretion_area,"A Shenzhen local engineering standard explanation describes requirements for pet concentrated activity areas in residential communities, including fencing/barriers, drinking facilities, pet-suitable ground material and waste/excretion facilities.",official_standard_pdf,public_source_metadata
PPR_014,private_commercial,shopping_mall,沙井京基百纳广场,宝安区,https://difang.gmw.cn/sz/2024-09/04/content_37542475.htm,2024-09-04,pet_friendly_with_entry_rules,leash_required|leash_length_1_5m|height_under_40cm|pet_guide|pet_elevator|pet_stroller|waste_bags|pet_toilet_supplies|all_merchants_accept,"Shajing Kingkey Banner Center announced pet-friendly mall rules including leash, leash length, shoulder height not over 40 cm, entry guide, supplies, pet trash bins, pet elevator, stroller rental and all merchants accepting pets.",media_report_with_operator_details,public_source_metadata
PPR_015,private_commercial,shopping_mall,深圳来福士广场,南山区,https://cj.sina.com.cn/articles/view/6427438064/17f1aebf0001013isd,2022-11-03,pet_friendly_with_zoned_facilities,pet_notice|entry_equipment_rules|stroller_rental|disinfection_wipes|activity_area_boundary|pet_elevator|pet_friendly_store_signage|outdoor_dining,"Shenzhen Raffles City reportedly made a Pet-Friendly Notice, standardized entry equipment, offered stroller rental and disinfection wipes, marked pet-friendly merchants and opened outdoor dining areas with selected merchants.",media_report_with_operator_details,public_source_metadata
PPR_016,private_commercial,shopping_mall_sample,深圳10个宠物友好购物中心样本,multi_area,https://www.sohu.com/a/722271319_120114194,2023-09-21,pet_friendly_but_operationally_contested,signage|pet_friendly_elevator|pet_toilet|stroller_rental|rest_area|merchant_signage|complaints_safety_hygiene,"A Shenzhen mall-sample report identifies pet-friendly signage, elevators, toilets, stroller rental and rest areas, while also recording tenant and consumer complaints around access, safety and hygiene.",industry_media_field_report,public_source_metadata
PPR_017,private_commercial,restaurant,海底捞深圳上河坊店宠物友好试点,龙华区,https://cbgc.scol.com.cn/news/7046500,2025-12-09,pilot_pet_friendly_restaurant,valid_vaccine_certificate|required_leash|no_table_access|no_food_processing_area|no_serving_channel|cleaning_pad|separated_pet_area|daily_disinfection|pet_air_purifier,"The Shenzhen Haidilao pet-friendly pilot required non-banned pets, valid vaccine proof, leash, no table access and no entry into food-processing/serving areas, plus cleaning and separate pet-friendly zones.",news_report_with_operator_response,public_source_metadata
PPR_018,private_commercial,restaurant,海底捞携宠就餐试点停止,深圳上河坊店;深圳壹方城店;武汉群星城店,https://finance.sina.cn/2026-05-26/detail-inhzfmyh2820618.d.html?vt=4,2026-05-26,pilot_reversal_restrictive,pilot_stopped|no_offline_pet_reception|service_dogs_exception|public_debate,"Haidilao announced it would stop pet-dining pilots at three stores including two in Shenzhen, with all other stores continuing to refuse pets except legal working dogs.",current_media_report_from_official_statement,public_source_metadata
PPR_019,private_hospitality,hotel,深圳君悦酒店 Dogcation 宠物犬客房套餐,罗湖区,https://www.hyatt.com/content/dam/hotel/propertysites/assets/grand/shegh/documents/en_US/offers/Dogcation-FAQs.pdf,2026,pet_dog_allowed_package_only,dogs_only|one_dog_per_room|package_only|under_40cm|under_10kg|age_6_months_to_8_years|rabies_certificate|guestroom_only|carrier_outside_room|no_restaurant_bar_pool_gym_event_area|cleaning_fee_damage_fee,"The Grand Hyatt Shenzhen Dogcation FAQ allows only one small dog under a package, requires rabies immunization proof and restricts dogs to guestrooms or carrier transit, excluding restaurants, bars, pools, gyms and event areas.",operator_policy_pdf,public_source_metadata
PPR_020,private_hospitality,hotel,深圳君悦酒店一般酒店政策,罗湖区,https://www.hyatt.com/grand-hyatt/zh-CN/shegh-grand-hyatt-shenzhen/policies,2026,generally_no_pets,no_pets_in_general_policy|including_service_dogs,"The general hotel policy page states that pets are not accepted, including service dogs, showing that pet-friendly access can exist only through specific packages or exceptions rather than ordinary access.",operator_policy_page,public_source_metadata
PPR_021,private_hospitality,hotel,深圳柏悦酒店,福田区,https://www.hyatt.com/park-hyatt/en-US/szxph-park-hyatt-shenzhen/policies,2026,no_pets_except_service_animals,no_pets|service_animals_exception,Park Hyatt Shenzhen policy states that the hotel does not allow pets except service animals.,operator_policy_page,public_source_metadata
PPR_022,private_commercial,shopping_mall_group,宝安天虹5家宠物友好商场,宝安区,https://www.dutenews.com/n/article/8230248,2024-06-09,pet_friendly_with_zoned_facilities,pet_friendly_signage|pet_elevator|pet_stroller_rental|pet_wipes|pet_toilet|market_supervision_guidance|multi_site_mall_group,"Baoan Tianhong, Chuangye Tianhong, Shajing Tianhong, Qianjin Tianhong and Xinsha Tianhong reportedly completed pet-friendly mall construction under market-regulation guidance, with signage, pet-friendly elevators, stroller rental, wet wipes and pet toilets.",media_report_with_operator_details,public_source_metadata
PPR_023,private_commercial,shopping_mall,观澜湖新城MH MALL,龙华区,https://www.missionhillschina.com/news/cutepet/,,pet_friendly_with_entry_rules,open_to_pets|clear_pet_entry_signage|pet_events|pet_hospital_partner|animal_welfare_partner|pet_culture_community,"Mission Hills MH MALL describes itself as Shenzhen North's first shopping centre open to pets, with clear pet-entry signage and pet-related events and partners.",operator_news_page,public_source_metadata
PPR_024,private_commercial,shopping_mall_network,深圳50+宠物友好购物中心,citywide,https://www.dutenews.com/p/8203760.html,2024-05-29,pet_friendly_citywide_commercial_network,over_50_pet_friendly_malls|pet_stroller_rental|pet_entry_signage|leisure_experience|citywide_commercial_network,A Shenzhen media feature states that Shenzhen has more than 50 pet-friendly shopping centres and describes examples such as Mission Hills MH MALL with pet signage and stroller rental.,local_media_citywide_feature,public_source_metadata
PPR_025,private_hospitality,hotel,深圳佳兆业万豪酒店,大鹏新区,https://www.marriott.com.cn/hotels/szxgb-shenzhen-marriott-hotel-golden-bay/overview/,2026,pet_dog_allowed_with_cleaning_fee,pet_allowed|cleaning_fee_300_per_room_per_night|hotel_policy,The Shenzhen Marriott Hotel Golden Bay page lists a pet policy requiring an additional RMB 300 per room per night cleaning fee for pet stays.,operator_policy_page,public_source_metadata
PPR_026,official_mobility_space,airport_pet_lounge,深圳机场宠物候机厅,宝安区,https://www.szairport.com/szairport/kgxw/202405/fce18f36cae4485d80d6ddc8fadc5824.shtml,2024-05,pet_friendly_transport_service,pet_lounge|one_stop_pet_transport|temperature_humidity_control|low_pressure_pet_friendly_operation|service_process_upgrade,"Shenzhen Airport states that China's first pet lounge was opened at Shenzhen Airport, upgrading pet transport facilities, processes and services with temperature/humidity control and one-stop pet travel support.",official_operator_page,public_source_metadata
PPR_027,official_digital_governance,citywide_dog_service_platform,深圳养犬服务小程序,citywide,https://www.sz.gov.cn/cn/xxgk/zfxxgj/zwdt/content/post_8241410.html,2020,administrative_service_support,dog_management_platform|wechat_miniprogram|chip_injection_service|dog_registration|citywide_management,"Shenzhen Government Online reports the launch of the unified Shenzhen dog-management service mini program, including citywide chip-injection service and dog management functions.",official_government_news,public_source_metadata
PPR_028,official_digital_governance,dog_chip_management,深圳犬只电子芯片管理,citywide,https://www.sz.gov.cn/cn/xxgk/zfxxgj/zwdt/content/post_7681531.html,2020,administrative_service_support,electronic_chip|required_for_most_dogs|traceability_management|stray_dog_reduction|registration,"Shenzhen Government Online reports free dog-chip implantation for dogs except specified young, pregnant or sick dogs, using the platform for traceability management and stray-dog reduction.",official_government_news,public_source_metadata
PPR_029,official_digital_governance,adoption_and_lost_pet_service,深圳养犬服务平台领养和寻宠功能,citywide,https://cgj.sz.gov.cn/hdjl/bmxx/content/post_9970967.html,2022,administrative_service_support,chip_identification|lost_dog_reunification|adoption_application|shelter_information|dog_service_platform,"The city-management page describes chip identification linked to the Shenzhen dog-service mini program, helping reunite lost dogs and enabling online viewing and application for adoptable dogs.",official_page,public_source_metadata
PPR_030,private_commercial_standard,shopping_mall_standard,宠物友好型商场运营规范深圳样本,citywide,https://www.foshanplus.com/news/1007358.html,2026,standardized_pet_friendly_commercial_operation,pet_friendly_mall_standard|hardware_facilities|management_process|personnel_service|pet_elevator|waste_bags|pet_toilet|stroller_rental|outdoor_zone|rooftop_pet_park,"A report on the first pet-friendly mall standard notes Shenzhen cases including over 50 pet-friendly malls, pet elevators, waste-bag points, pet toilets, stroller rental, designated outdoor areas and rooftop pet parks.",industry_media_standard_report,public_source_metadata
PPR_031,private_commercial,restaurant,Benji Bistro,南山区,https://szmeetups.com/zh/v/benji-bistro,2024,pet_friendly_with_entry_rules,dine_with_your_dog_concept|restaurant|dog_friendly|community_venue,"Benji Bistro is described as China's first 'dine with your dog' concept venue, located in Shekou G&G Community in Nanshan.",venue_directory_page,public_source_metadata
PPR_032,private_commercial,shopping_mall_group,天虹深圳辖区25家宠物友好空间升级,multi_area,https://www.dutenews.com/n/article/8230248,2024-06-09,pet_friendly_citywide_commercial_network,25_tianhong_malls|pet_friendly_space_upgrade|government_market_supervision_guidance|pet_social_environment|pet_product_interaction_space,"A Shenzhen news report states that Tianhong upgraded pet-friendly spaces across 25 Shenzhen malls, designing better pet social environments and interactive pet-product spaces.",media_report_with_operator_details,public_source_metadata
PPR_033,private_commercial,shopping_mall_pet_park,沙井京基百纳广场屋顶萌宠乐园,宝安区,https://www.sznews.com/news/content/mb/2025-07/28/content_31643545.htm,2025-07-28,pet_friendly_with_zoned_facilities,rooftop_pet_park|mall_pet_friendly_space|commercial_space_innovation|pet_economy_cluster|soft_policy_support,"Shenzhen News reports that Shajing Kingkey Banner Center opened a rooftop pet park, positioning it as part of Baoan's pet-friendly space and pet-economy strategy.",local_media_operator_report,public_source_metadata
PPR_034,private_commercial,restaurant_network_metric,深圳宠物友好餐厅口碑报告,citywide,https://www.digitaling.com/articles/186885.html,2018,pet_friendly_citywide_commercial_network,4553_pet_friendly_restaurants|dianping_cbn_report|restaurant_network|implicit_default_refusal_in_many_restaurants,"A CBNData and Dianping report says Shenzhen had 4553 pet-friendly restaurants in the studied platform data, while noting many restaurants still implicitly refuse pets despite lacking explicit written rules.",platform_report_repost,public_source_metadata
PPR_035,private_commercial,shopping_mall_sample,深圳湾睿印RAIL IN,南山区,https://www.sohu.com/a/722271319_120114194,2023-09-21,pet_friendly_with_zoned_facilities,pet_friendly_signage|store_stickers|pet_friendly_covenant|pet_interaction_wall|pet_business_anchor,"A field report describes Shenzhen Bay RAIL IN as having pet-friendly signage at streets, entrances, service counters and elevators, with pet-friendly store stickers and covenant-style materials.",industry_media_field_report,public_source_metadata
PPR_036,private_commercial,shopping_mall_sample,盐田壹海城,盐田区,https://www.foshanplus.com/news/1007358.html,2026,pet_friendly_with_zoned_facilities,pet_friendly_elevator|waste_bags|pet_toilet|stroller_rental|designated_outdoor_area,"A report on the pet-friendly mall standard names Yantian One Mall as a Shenzhen example with pet-friendly commercial practices such as elevators, waste-bag points, pet toilets and stroller rental.",industry_media_standard_report,public_source_metadata
PPR_037,private_commercial,shopping_mall_sample,福田深业上城,福田区,https://www.foshanplus.com/news/1007358.html,2026,pet_friendly_with_zoned_facilities,pet_friendly_elevator|waste_bags|pet_toilet|stroller_rental|outdoor_zone,A report on the pet-friendly mall standard identifies Futian UpperHills as one Shenzhen benchmark with pet-friendly commercial-space facilities and operating practices.,industry_media_standard_report,public_source_metadata
PPR_038,private_commercial,shopping_mall_sample,南山海岸城,南山区,https://www.foshanplus.com/news/1007358.html,2026,pet_friendly_with_zoned_facilities,pet_friendly_elevator|waste_bags|pet_toilet|stroller_rental|outdoor_zone,A report on the pet-friendly mall standard identifies Nanshan Coastal City as a Shenzhen benchmark with pet-friendly commercial-space facilities and operating practices.,industry_media_standard_report,public_source_metadata
PPR_039,private_commercial,shopping_mall_sample,大型犬可进乐园与餐厅深圳样本,multi_area,https://global.hk01.com/article/60336227,2026,pet_friendly_but_low_evidence_platform_story,large_dog_access|pet_friendly_haidilao|pet_friendly_hotel|dog_library|water_points|blogger_video_story,"A Hong Kong media feature based on a blogger video describes large-dog access to selected Shenzhen pet-friendly venues including a restaurant, hotel and country trail facilities, but this is a low-evidence narrative source.",social_media_story_repost,public_source_metadata
PPR_040,private_commercial,restaurant,Baia Burger Concept Bar Restaurant,福田区,https://jetlygo.com/China/Shenzhen/things-to-do/restaurants/id/17253,2026,pet_friendly_but_low_evidence_platform_story,dog_friendly|outdoor_seating|restaurant|bar|coco_park,A venue directory lists Baia Burger Concept Bar Restaurant at Shenzhen COCO Park and marks it as dog friendly with outdoor seating and restaurant/bar amenities.,venue_directory_page,public_source_metadata
PPR_041,private_commercial,restaurant,Fannou Bistro,南山区,https://www.reddit.com/r/shenzhen/comments/1ijnyqk,2025,pet_friendly_but_low_evidence_platform_story,reddit_user_recommendation|dog_friendly_restaurant|terrace,"A public Reddit Shenzhen discussion recommends Fannou Bistro as a place visited with a dog, apparently on the terrace. This is a weak but useful discovery lead.",public_forum_lead,public_source_metadata
PPR_042,private_commercial,restaurant,La Maison,南山区,https://www.reddit.com/r/shenzhen/comments/1ijnyqk,2025,pet_friendly_but_low_evidence_platform_story,reddit_user_recommendation|dog_friendly_restaurant|terrace,"A public Reddit Shenzhen discussion recommends La Maison as a place visited with a dog, apparently on the terrace. This is a weak but useful discovery lead.",public_forum_lead,public_source_metadata
PPR_043,private_commercial,shopping_mall_sample,深圳湾睿印RAIL IN Reddit corroboration,南山区,https://www.reddit.com/r/shenzhen/comments/1ijnyqk,2025,pet_friendly_but_low_evidence_platform_story,reddit_user_corroboration|pet_friendly_mall|rail_in|nanshan,"A public Reddit Shenzhen discussion says the mall near the user's place in Nanshan, Rail In, is pet friendly. This corroborates the commercial-space record at low evidence weight.",public_forum_lead,public_source_metadata
PPR_044,private_commercial,pet_cafe_retail_care,PAW HUB OCT PARK,南山区,https://mooool.com/en/yanho-by-informal-design.html,2026,pet_friendly_with_zoned_facilities,pet_cafe|pet_care|social_retail|community_space|oct_park,"A design publication describes PAW HUB at Shenzhen OCT PARK as a multifunctional space combining cafe, pet care, social activity and retail for a warm pet-human community.",design_publication_case,public_source_metadata
PPR_045,private_commercial,restaurant_network_metric,龙华政府英文报道宠物友好餐饮样本,multi_area,https://www.szlhq.gov.cn/english/news/content/mpost_9352477.html,2021,pet_friendly_citywide_commercial_network,western_restaurant_nanshan|barbecue_restaurant_futian|cafe_chain|dog_friendly_stores|government_english_news,"Longhua Government Online reports that a Western restaurant in Nanshan, a barbecue restaurant in Futian and a cafe chain had made some stores dog-friendly, framing pet-friendly stores as a growing local trend.",official_government_english_news,public_source_metadata
PPR_046,private_commercial,shopping_mall_rule_variant,商场小型犬入场规则深圳/广州样本,citywide,https://ep.ycwb.com/epaper/ycwb/resfile/2026-04-15/A06/ycwb20260415A06.pdf,2026-04-15,pet_friendly_with_entry_rules,small_dog_or_cat_only|height_limit_40cm_or_60cm|leash_muzzle_stroller_bag|banned_dogs_excluded|mall_notice,"A newspaper PDF discussing pet-friendly malls in Guangzhou and Shenzhen reports indoor mall notices allowing cats/dogs under size limits such as 40cm or 60cm, requiring stroller, bag or leash, and excluding banned dogs.",newspaper_pdf_rule_report,public_source_metadata
PPR_047,private_commercial,shopping_mall_reversal_context,商场宠物友好标识撤下的跨城风险样本,external_context,https://ep.shxwcb.com/2026/03/25/img/020325.pdf,2026-03-25,pilot_reversal_restrictive,pet_friendly_signage_removed|pet_stroller_removed|cross_city_reversal_context|risk_context,A Shanghai newspaper PDF reports complaints about malls removing pet-friendly signage and stroller rental points. This is not Shenzhen evidence but provides reversal-risk context for the private commercial rule model.,external_context_not_shenzhen,public_source_metadata
PPR_048,private_hospitality,hotel,JW Marriott Hotel Shenzhen Bao'an,宝安区,https://www.marriott.com/en-us/hotels/szxba-jw-marriott-hotel-shenzhen-baoan/overview/,2026,generally_no_pets,pets_not_allowed|service_animals_welcome|hotel_policy|baoan,"JW Marriott Hotel Shenzhen Bao'an states that pets are not allowed, while service animals are welcome in accessibility information.",operator_policy_page,public_source_metadata
PPR_049,private_commercial,restaurant,Benji Bistro Dutenews,南山区,https://www.dutenews.com/n/article/8609171,2025,pet_friendly_with_entry_rules,pet_friendly_restaurant|pets_enter_allowed|pet_food|social_dining|benji_bistro,A Dutenews report describes Benji Bistro as a pet-friendly restaurant that welcomes customers to bring pets inside and provides pet food for shared dining and social activity.,local_media_operator_report,public_source_metadata
PPR_050,private_hospitality,hotel,深圳蛇口希尔顿南海酒店,南山区,https://m.wuhanmarriott.cn/newsdetail-828591.html,2026,pet_friendly_with_zoned_facilities,pet_friendly_hotel|pet_gift|pet_friendly_wedding|pet_camping|seaside_lawn|hilton_shekou,"A hospitality news page describes Hilton Shenzhen Shekou Nanhai as launching pet-friendly benefits and experiences including pet gifts, pet-friendly weddings and pet camping activities.",hotel_group_news_repost,public_source_metadata
PPR_051,private_commercial,shopping_mall_sample,深业上城 Apple Maps pet-friendly review,福田区,https://maps.apple.com/place?auid=1117349099524193&lsp=57879,2026,pet_friendly_but_low_evidence_platform_story,user_review_pet_friendly|indoor_outdoor_pet_friendly|pet_supermarket|upperhills,Apple Maps user review text says Shenzhen UpperHills is dog-friendly indoors and outdoors and has a pet-specific supermarket. This is low-evidence user-review corroboration.,map_user_review_lead,public_source_metadata
PPR_052,private_commercial,restaurant,Benji Bistro Reddit experience,南山区,https://www.reddit.com/r/shenzhen/comments/1qtk160/eat_at_a_fancy_bistro_in_shekouwith_your_dog/,2026,pet_friendly_but_low_evidence_platform_story,reddit_experience|dine_with_your_dog|shekou|benji_bistro,"A public Reddit post describes eating at Benji Bistro in Shekou with a dog, serving as low-evidence experience corroboration.",public_forum_lead,public_source_metadata
PPR_053,private_hospitality,hotel,深圳中洲万豪酒店,南山区,https://www.marriott.com/en-us/hotels/szxwt-shenzhen-marriott-hotel-nanshan/overview/,2026,no_pets_except_service_animals,pets_not_allowed|service_animals_only|hotel_policy|nanshan,The Shenzhen Marriott Hotel Nanshan official Marriott page states that pets are not allowed and indicates a service-animal-only exception.,operator_policy_page,public_source_metadata
PPR_054,private_hospitality,hotel,深圳福田JW万豪酒店,福田区,https://www.marriott.com/en-us/hotels/szxjw-jw-marriott-hotel-shenzhen/overview/,2026,generally_no_pets,pets_not_allowed|hotel_policy|futian,The JW Marriott Hotel Shenzhen official Marriott page lists its pet policy as pets not allowed.,operator_policy_page,public_source_metadata
PPR_055,private_hospitality,hotel,深圳盐田凯悦酒店,盐田区,https://www.hyatt.com/hyatt-regency/en-US/szxry-hyatt-regency-shenzhen-yantian/policies,2026,no_pets_except_service_animals,no_pets|service_animals_exception|hotel_policy|yantian,"Hyatt Regency Shenzhen Yantian states that pets are not allowed, except for service animals.",operator_policy_page,public_source_metadata
PPR_056,private_hospitality,hotel_network,希尔顿深圳宠物友好酒店网络,multi_area,https://www.hilton.com/en/locations/china/shenzhen/pet-friendly/,2026,pet_friendly_citywide_commercial_network,hilton_pet_friendly_filter|multiple_hotels|commercial_network|hotel_policy_discovery,"Hilton's destination filter lists multiple pet-friendly hotels in Shenzhen, providing a chain-level discovery layer for pet-friendly hotel rule geography.",operator_directory_page,public_source_metadata
PPR_057,private_hospitality,hotel,深圳南山科技园希尔顿惠庭酒店,南山区,https://www.hilton.com/zh-hans/hotels/szxehht-home2-suites-shenzhen-science-and-technology-park/hotel-info/,2026,pet_dog_allowed_with_cleaning_fee,dogs_and_cats_allowed|max_two_pets|nonrefundable_fee|hotel_policy|home2_suites,"Home2 Suites by Hilton Shenzhen Nanshan Science and Technology Park lists a pet policy with a non-refundable pet service fee and a maximum of two pets, limited to dogs and cats.",operator_policy_page,public_source_metadata
PPR_058,private_hospitality,hotel,深圳国际会展中心希尔顿酒店,宝安区,https://www.hilton.com/en/locations/china/pet-friendly/hilton-hotels/,2026,pet_dog_allowed_with_cleaning_fee,hilton_pet_friendly_hotel|pet_friendly_filter|baoan_exhibition_area,"Hilton's China pet-friendly Hilton-brand directory includes Hilton Shenzhen World Exhibition and Convention Center, marking it as part of the pet-friendly hotel network.",operator_directory_page,public_source_metadata
PPR_059,private_commercial,shopping_mall_network,天虹全国宠物友好商场行动,multi_area,https://www.marketw.cn/pet/22741.shtml,2024,pet_friendly_citywide_commercial_network,79_tianhong_stores|pet_friendly_mall_unveiling|ccfa_initiative|shared_space|pet_neighborliness,"A retail-market report describes Tianhong's broader pet-friendly mall campaign across 79 stores, useful as a corporate-rule diffusion context for Shenzhen Tianhong venues.",industry_media_chain_report,public_source_metadata
PPR_060,private_commercial,shopping_mall_sample,深圳万象天地,南山区,https://zh.wikipedia.org/wiki/%E6%B7%B1%E5%9C%B3%E8%90%AC%E8%B1%A1%E5%A4%A9%E5%9C%B0,2026,operator_discretion_under_municipal_rule,open_block_mall|large_commercial_space|candidate_rule_bearing_venue|not_pet_policy_evidence,Shenzhen MixC World is included as a high-priority rule-bearing semi-public candidate because it is a large open-block commercial complex; the cited page does not itself prove a pet-friendly policy.,venue_identity_only,public_source_metadata
PPR_061,private_commercial,shopping_mall_sample,深圳湾万象城,南山区,https://zh.wikipedia.org/wiki/%E6%B7%B1%E5%9C%B3%E7%81%A3%E8%90%AC%E8%B1%A1%E5%9F%8E,2026,operator_discretion_under_municipal_rule,large_high_end_mall|candidate_rule_bearing_venue|not_pet_policy_evidence,"Shenzhen Bay MixC is included as a high-priority semi-public candidate for targeted rule verification, not as direct pet-friendly evidence.",venue_identity_only,public_source_metadata
PPR_062,private_commercial,shopping_mall_sample,福田星河COCO Park,福田区,https://zh.wikipedia.org/wiki/%E7%A6%8F%E7%94%B0COCO_Park,2026,operator_discretion_under_municipal_rule,open_street_mall|leisure_space|candidate_rule_bearing_venue|not_pet_policy_evidence,"Futian COCO Park is included as a high-priority rule-bearing commercial-space candidate because of its open-street mall form; the cited source is venue identity/context, not pet-policy confirmation.",venue_identity_only,public_source_metadata
PPR_063,public_experience_context,park_access_experience,深圳公园携宠经验争议样本,multi_area,https://www.reddit.com/r/shenzhen/comments/1qz3p1l/is_there_a_park_that_allows_dogs_in_shenzhen/,2026,pet_friendly_but_low_evidence_platform_story,public_forum|park_access_uncertainty|tolerated_or_restricted|feces_cleaning_concern,"A public Shenzhen forum discussion reports uncertainty and mixed tolerance around dog access in parks, useful only as low-evidence experience context and not as official policy.",public_forum_lead,public_source_metadata
PPR_064,public_experience_context,citywide_living_experience,深圳养犬日常容忍度经验样本,citywide,https://www.reddit.com/r/shenzhen/comments/1ijnyqk,2025,pet_friendly_but_low_evidence_platform_story,public_forum|management_not_strict|public_transport_restriction|parks_residential_complexes,A public Shenzhen forum discussion describes management as often not strict while noting public transport restrictions; this is low-evidence lived-experience context.,public_forum_lead,public_source_metadata
PPR_065,private_hospitality,hotel,Renaissance Shenzhen Bay Hotel,南山区,https://www.marriott.com/en-us/hotels/szxrb-renaissance-shenzhen-bay-hotel/overview/,2026,no_pets_except_service_animals,pets_not_allowed|no_pets_allowed|service_animals_welcome|hotel_policy|nanshan,The official Marriott page for Renaissance Shenzhen Bay Hotel lists the pet policy as pets not allowed and notes service animals in accessibility information.,operator_policy_page,public_source_metadata
PPR_066,private_hospitality,hotel,Four Points by Sheraton Shenzhen,福田区,https://www.marriott.com/en-us/hotels/szxfp-four-points-shenzhen/overview/,2026,generally_no_pets,pets_not_allowed|hotel_policy|futian,The official Marriott page for Four Points by Sheraton Shenzhen lists its pet policy as pets not allowed.,operator_policy_page,public_source_metadata
PPR_067,private_hospitality,hotel,Four Points by Sheraton Shenzhen Airport,宝安区,https://www.marriott.com/en-us/hotels/szxap-four-points-shenzhen-airport/,2026,generally_no_pets,pets_not_allowed|hotel_policy|airport_area|baoan,The official Marriott page for Four Points by Sheraton Shenzhen Airport lists its pet policy as pets not allowed.,operator_policy_page,public_source_metadata
PPR_068,private_hospitality,hotel,Four Points by Sheraton Shenzhen Bao'an,宝安区,https://www.marriott.com/en-us/hotels/szxfb-four-points-shenzhen-baoan/overview/,2026,generally_no_pets,pets_not_allowed|hotel_policy|baoan,The official Marriott page for Four Points by Sheraton Shenzhen Bao'an lists its pet policy as pets not allowed.,operator_policy_page,public_source_metadata
PPR_069,private_hospitality,hotel,The Ritz-Carlton Shenzhen,福田区,https://www.ritzcarlton.com/en/hotels/szxrz-the-ritz-carlton-shenzhen/overview/,2026,generally_no_pets,pets_not_allowed|hotel_policy|futian|luxury_hotel,The official Ritz-Carlton page for The Ritz-Carlton Shenzhen lists the pet policy as pets not allowed.,operator_policy_page,public_source_metadata
PPR_070,private_hospitality,hotel,Shenzhen Marriott Hotel Golden Bay current policy,大鹏新区,https://www.marriott.com/en-us/hotels/szxgb-shenzhen-marriott-hotel-golden-bay/overview/,2026,pet_dog_allowed_with_cleaning_fee,pets_welcome|cleaning_fee_300_per_room_per_night|max_weight_18kg|max_two_pets|hotel_policy|current_policy,"The current official Marriott page for Shenzhen Marriott Hotel Golden Bay lists pets welcome, a CNY 300 per room per night cleaning fee, maximum pet weight of 18 kg and maximum two pets per room.",operator_policy_page,public_source_metadata
PPR_071,private_hospitality,hotel_policy_change_context,Shenzhen Marriott Hotel Golden Bay historical policy inconsistency,大鹏新区,https://www.marriott.com/hotels/travel/szxgb-shenzhen-marriott-hotel-golden-bay/,2025-2026,operator_policy_change_or_inconsistency,policy_inconsistency|historical_no_pets|current_pets_welcome|requires_temporal_verification|hotel_policy,"Search-accessible Marriott pages for Shenzhen Marriott Hotel Golden Bay show conflicting pet policies across crawled versions, so this record flags temporal inconsistency for verification rather than treating old and current policies as simultaneous facts.",operator_policy_page_temporal_conflict,public_source_metadata
PPR_072,private_commercial,shopping_mall_group,宝安天虹宠物友好五店,宝安区,https://www.dutenews.com/n/article/8230248,2024-06-10,pet_friendly_with_zoned_facilities,baoan_tianhong_5_malls|pet_friendly_signage|pet_friendly_elevator|stroller_rental|pet_wipes|pet_toilet|market_regulation_guidance,"A Baoan Daily/Dutenews report says Baoan Tianhong, Chuangye Tianhong, Shajing Tianhong, Qianjin Tianhong and Xinsha Tianhong completed pet-friendly mall construction with pet-friendly signs, elevators, stroller rental, wet wipes and pet toilets under market-regulation guidance.",media_report_with_operator_details,public_source_metadata
PPR_073,private_commercial,shopping_mall_network,深圳天虹25家宠物友好空间升级,multi_area,https://www.dutenews.com/n/article/8230248,2024-06-10,pet_friendly_citywide_commercial_network,25_tianhong_malls|pet_friendly_space_upgrade|pet_social_environment|pet_product_interaction_space|shenzhen_network,"The same report states that Tianhong upgraded pet-friendly spaces across 25 Shenzhen malls, creating better pet social environments and pet-product interaction spaces.",media_report_with_operator_details,public_source_metadata
PPR_074,private_commercial,shopping_mall,绿景佐阾红树林购物中心,福田区,https://www.dutenews.com/p/8309185.html,2024-07-26,pet_friendly_with_entry_rules,pet_friendly_plan|pet_stroller_rental|leash_rental|muzzle_rental|member_pet_snacks|shatou_street,"A Shenzhen Special Zone Daily/Dutenews report describes Lvgem Zoll Mangrove Shopping Center as having a pet-friendly plan with pet strollers, leashes, muzzles and member pet-snack benefits.",local_media_operator_report,public_source_metadata
PPR_075,private_commercial,shopping_mall,KK ONE购物中心,福田区,https://www.dutenews.com/p/8309185.html,2024-07-26,pet_friendly_with_zoned_facilities,over_60_pet_friendly_merchants|merchant_signage|shatou_street|shopping_mall,The same report says KK ONE Shopping Center linked more than 60 in-mall brands as pet-friendly merchants.,local_media_operator_report,public_source_metadata
PPR_076,private_commercial,shopping_mall_event,中洲湾 C Future City 宠物市集,福田区,https://www.dutenews.com/p/8309185.html,2024-07-26,pet_friendly_but_operationally_contested,pet_market_event|temporary_pet_friendly_activity|shatou_street|commercial_event,"The report states that C Future City planned a pet market event, which is useful as temporary pet-friendly activity evidence rather than a permanent access policy.",local_media_operator_report,public_source_metadata
PPR_077,private_recreation,theme_park_pet_friendly_event,深圳欢乐谷宠物友好季,南山区,https://sz.ifeng.com/c/8pOsTcySP12,2025-12-26,pet_friendly_with_zoned_facilities,pet_friendly_season|designated_pet_activity_area|cleaning_service|leash_required|selected_ride_access|civilized_distance,"A Phoenix Shenzhen report says Shenzhen Happy Valley launched a pet-friendly season with designated pet activity areas, cleaning services, leash requirements and selected pet-suitable rides.",media_report_with_operator_details,public_source_metadata
PPR_078,private_commercial,shopping_mall,华润城万象天地,南山区,https://www.petdhw.com/xiamen-show-36758.html,2023-12-31,pet_friendly_with_entry_rules,height_under_40cm|pet_carrier_or_stroller_required|one_pet_per_person|stroller_rental|mall_rule_list,"A pet-friendly mall guide lists MixC World as allowing small pets under shoulder-height limits, requiring a carrier or stroller indoors and one pet per person, with stroller rental on several floors. This is a directory-style lead requiring operator verification.",venue_directory_page,public_source_metadata
PPR_079,private_commercial,shopping_mall,深圳宜家家居北环大道店,南山区,https://www.petdhw.com/xiamen-show-36758.html,2023-12-31,pet_friendly_with_entry_rules,height_under_40cm|pet_basket_or_stroller_required|pets_cannot_touch_ground|stroller_rental|mall_rule_list,"The same guide lists IKEA Shenzhen North Ring Avenue as requiring small pets to stay in a basket or stroller and not touch the ground indoors, with stroller rental. This is a directory-style lead requiring operator verification.",venue_directory_page,public_source_metadata
PPR_080,private_commercial,shopping_mall_sample,海岸城购物中心,南山区,https://www.sohu.com/a/722271319_120114194,2023-09-21,pet_friendly_with_entry_rules,deposit_100_rmb_per_day|equipment_rental|harness|head_cover|leash|muzzle|mall_sample,"A Shenzhen mall field report says Coastal City offered equipment rental such as harnesses, head covers, leashes and muzzles with a 100 RMB per day deposit.",industry_media_field_report,public_source_metadata
PPR_081,private_commercial,shopping_mall,沙井京基百纳广场年度报告规则证据,宝安区,https://www.100est.com/res/financial-report/r2024/SZ000608_202504191658606333.pdf,2025-04-19,pet_friendly_with_zoned_facilities,annual_report|pet_friendly_mall|all_merchants_accept_pets|pet_trash_bins|pet_friendly_elevator|stroller_deposit_rental|rooftop_pet_park|pet_community,"A listed-company annual report states that Shajing Kingkey Banner Center announced a pet-friendly mall initiative in 2024, with all merchants accepting pets and facilities including pet trash bins, pet-friendly elevators, stroller deposit rental and a rooftop pet park.",operator_annual_report,public_source_metadata
PPR_082,official_public_space,pet_friendly_activity_space,福田绿谷公园周边宠物友好空间,福田区,https://www.szft.gov.cn/bmxx/qfzhggj/gzdt/content/post_11386013.html,2024-06-22,allowed_pet_friendly_activity_space,ten_pet_friendly_spaces|open_activity_space|civilized_dog_ownership_signage|daily_dog_walking,The Futian government guide lists the green belt around Lvgu Park at Fuqiang Road and Lvgu Road as one of ten neighborhood pet-friendly spaces.,official_page,public_source_metadata
PPR_083,official_public_space,pet_friendly_activity_space,香蜜湖中旅花园二期宠物友好活动区域,福田区,https://www.szft.gov.cn/bmxx/qfzhggj/gzdt/content/post_11386013.html,2024-06-22,allowed_pet_friendly_activity_space,fenced_pet_space|obstacle_poles|jumping_hoops|climbing_boards|jumping_platforms,The Futian guide identifies the Gangzhonglv Garden Phase II area in Xiangmihu as a relatively independent fenced pet-friendly activity space with pet play equipment.,official_page,public_source_metadata
PPR_084,official_public_space,pet_friendly_activity_space,沙头新洲路紫薇公园宠物友好空间,福田区,https://www.szft.gov.cn/bmxx/qfzhggj/gzdt/content/post_11386013.html,2024-06-22,allowed_pet_friendly_activity_space,ten_pet_friendly_spaces|open_activity_space|civilized_dog_ownership_signage|daily_dog_walking,The Futian guide lists the open space of Ziwei Park on Xinzhou Road in Shatou as a neighborhood pet-friendly activity space.,official_page,public_source_metadata
PPR_085,official_public_space,pet_friendly_activity_space,深圳国际创新中心A座周边宠物友好空间,福田区,https://www.szft.gov.cn/bmxx/qfzhggj/gzdt/content/post_11386013.html,2024-06-22,allowed_pet_friendly_activity_space,ten_pet_friendly_spaces|open_activity_space|civilized_dog_ownership_signage|daily_dog_walking,The Futian guide lists the green belt around Tower A of Shenzhen International Innovation Center as a pet-friendly space.,official_page,public_source_metadata
PPR_086,official_public_space,pet_friendly_activity_space,华强北鹏怡苑社区小公园宠物友好空间,福田区,https://www.szft.gov.cn/bmxx/qfzhggj/gzdt/content/post_11386013.html,2024-06-22,allowed_pet_friendly_activity_space,ten_pet_friendly_spaces|open_activity_space|civilized_dog_ownership_signage|daily_dog_walking,The Futian guide lists the green belt around the small park of Pengyiyuan Community in Huaqiangbei as a pet-friendly space.,official_page,public_source_metadata
PPR_087,official_public_space,pet_friendly_activity_space,梅林梅京社区街心小公园宠物友好空间,福田区,https://www.szft.gov.cn/bmxx/qfzhggj/gzdt/content/post_11386013.html,2024-06-22,allowed_pet_friendly_activity_space,ten_pet_friendly_spaces|open_activity_space|civilized_dog_ownership_signage|daily_dog_walking,The Futian guide lists the small park at the intersection of Second Meilin Street and First Meilin Street in Meijing Community as a pet-friendly space.,official_page,public_source_metadata
PPR_088,official_public_space,pet_friendly_activity_space,园岭三街雕塑公园宠物友好空间,福田区,https://www.szft.gov.cn/bmxx/qfzhggj/gzdt/content/post_11386013.html,2024-06-22,allowed_pet_friendly_activity_space,ten_pet_friendly_spaces|open_activity_space|civilized_dog_ownership_signage|daily_dog_walking,The Futian guide lists the Sculpture Park in Third Yuanling Street as a pet-friendly activity space.,official_page,public_source_metadata
PPR_089,official_public_space,pet_friendly_activity_space,莲花彩田村三层坪台宠物友好空间,福田区,https://www.szft.gov.cn/bmxx/qfzhggj/gzdt/content/post_11386013.html,2024-06-22,allowed_pet_friendly_activity_space,ten_pet_friendly_spaces|open_activity_space|civilized_dog_ownership_signage|daily_dog_walking,"The Futian guide lists the three-layered terrace in Caitian Village, Lianhua Sub-district as a pet-friendly activity space.",official_page,public_source_metadata
PPR_090,official_public_space,pet_friendly_activity_space,南园巴登社区万德居花园宠物友好空间,福田区,https://www.szft.gov.cn/bmxx/qfzhggj/gzdt/content/post_11386013.html,2024-06-22,allowed_pet_friendly_activity_space,ten_pet_friendly_spaces|open_activity_space|civilized_dog_ownership_signage|daily_dog_walking,"The Futian guide lists the green belt around Wandeju Garden in Badeng Community, Nanyuan Sub-district as a pet-friendly space.",official_page,public_source_metadata
PPR_091,official_public_space,pet_friendly_activity_space,福保桂花都市公园篮球场旁宠物友好空间,福田区,https://www.szft.gov.cn/bmxx/qfzhggj/gzdt/content/post_11386013.html,2024-06-22,allowed_pet_friendly_activity_space,ten_pet_friendly_spaces|open_activity_space|civilized_dog_ownership_signage|daily_dog_walking,"The Futian guide lists the space next to the basketball court in Guihua Road Urban Park, Fubao Sub-district as a pet-friendly space.",official_page,public_source_metadata
PPR_092,private_commercial_standard,shopping_mall_demonstration,福田星河COCO Park COCO Paw体系,福田区,https://www.chngalaxy.com/news.aspx?id=1853&type=12,2025-10-17,pet_friendly_commercial_demonstration_point,COCO_Paw|300_brand_friendliness_grading|pet_park_over_100sqm|stroller_rental|leash_rental|pee_pads|lint_roller|pet_friendly_signage,"Star River states that Futian COCO Park built the COCO Paw pet-friendly system, graded more than 300 brands by friendliness, added a pet park over 100 square metres and provided pet supplies and signage.",operator_news_page,public_source_metadata
PPR_093,private_commercial_standard,shopping_mall_standard,深圳宠物友好型商场建设指引试行版,citywide,https://www.chngalaxy.com/news.aspx?id=1853&type=12,2025-10-17,standardized_pet_friendly_commercial_operation,mall_construction_guideline|market_regulation_bureau|pet_industry_association|commercial_space_standard|replicable_operator_rule,The operator news page reports that the Shenzhen market regulation authority and pet industry association released a trial pet-friendly mall construction guideline.,operator_news_page,public_source_metadata
PPR_094,official_public_space,pet_friendly_activity_space,东门雅园立交桥下宠物友好活动空间,罗湖区,https://www.szlh.gov.cn/lhcsglj/gkmlpt/content/10/10815/post_10815379.html,2023-09-01,allowed_pet_friendly_activity_space,ten_luohu_pet_friendly_activity_spaces|about_100sqm|pet_play_facilities|civilized_dog_ownership_signage|public_consultation,"Luohu city-management bureau proposed a pet-friendly activity space under Yiyuan Interchange in Dongmen, with pet play facilities and civilized dog-ownership signage.",official_page,public_source_metadata
PPR_095,official_public_space,pet_friendly_activity_space,翠竹德弘社区公园宠物友好活动空间,罗湖区,https://www.szlh.gov.cn/lhcsglj/gkmlpt/content/10/10815/post_10815379.html,2023-09-01,allowed_pet_friendly_activity_space,ten_luohu_pet_friendly_activity_spaces|about_100sqm|pet_play_facilities|civilized_dog_ownership_signage|public_consultation,"Luohu city-management bureau proposed a pet-friendly activity space in Dehong Community Park, Cuizhu Sub-district.",official_page,public_source_metadata
PPR_096,official_public_space,pet_friendly_activity_space,东湖罗安居社区公园宠物友好活动空间,罗湖区,https://www.szlh.gov.cn/lhcsglj/gkmlpt/content/10/10815/post_10815379.html,2023-09-01,allowed_pet_friendly_activity_space,ten_luohu_pet_friendly_activity_spaces|about_100sqm|pet_play_facilities|civilized_dog_ownership_signage|public_consultation,"Luohu city-management bureau proposed a pet-friendly activity space in Luoanju Community Park, Donghu Sub-district.",official_page,public_source_metadata
PPR_097,official_public_space,pet_friendly_activity_space,东晓笋岗西路转角公园宠物友好活动空间,罗湖区,https://www.szlh.gov.cn/lhcsglj/gkmlpt/content/10/10815/post_10815379.html,2023-09-01,allowed_pet_friendly_activity_space,ten_luohu_pet_friendly_activity_spaces|about_100sqm|pet_play_facilities|civilized_dog_ownership_signage|public_consultation,Luohu city-management bureau proposed a pet-friendly activity space at the Sungang West Road corner park in Dongxiao Sub-district.,official_page,public_source_metadata
PPR_098,official_public_space,pet_friendly_activity_space,桂园地王大厦对面街心公园宠物友好活动空间,罗湖区,https://www.szlh.gov.cn/lhcsglj/gkmlpt/content/10/10815/post_10815379.html,2023-09-01,allowed_pet_friendly_activity_space,ten_luohu_pet_friendly_activity_spaces|about_100sqm|pet_play_facilities|civilized_dog_ownership_signage|public_consultation,"Luohu city-management bureau proposed a pet-friendly activity space in the pocket park opposite Diwang Building, Guiyuan Sub-district.",official_page,public_source_metadata
PPR_099,official_public_space,pet_friendly_activity_space,黄贝社区公园宠物友好活动空间,罗湖区,https://www.szlh.gov.cn/lhcsglj/gkmlpt/content/10/10815/post_10815379.html,2023-09-01,allowed_pet_friendly_activity_space,ten_luohu_pet_friendly_activity_spaces|about_100sqm|pet_play_facilities|civilized_dog_ownership_signage|public_consultation,Luohu city-management bureau proposed a pet-friendly activity space in Huangbei Community Park.,official_page,public_source_metadata
PPR_100,official_public_space,pet_friendly_activity_space,莲塘莲花社区公园宠物友好活动空间,罗湖区,https://www.szlh.gov.cn/lhcsglj/gkmlpt/content/10/10815/post_10815379.html,2023-09-01,allowed_pet_friendly_activity_space,ten_luohu_pet_friendly_activity_spaces|about_100sqm|pet_play_facilities|civilized_dog_ownership_signage|public_consultation,"Luohu city-management bureau proposed a pet-friendly activity space in Lianhua Community Park, Liantang Sub-district.",official_page,public_source_metadata
PPR_101,official_public_space,pet_friendly_activity_space,南湖玛雅城右侧草地宠物友好活动空间,罗湖区,https://www.szlh.gov.cn/lhcsglj/gkmlpt/content/10/10815/post_10815379.html,2023-09-01,allowed_pet_friendly_activity_space,ten_luohu_pet_friendly_activity_spaces|about_100sqm|pet_play_facilities|civilized_dog_ownership_signage|public_consultation,"Luohu city-management bureau proposed a pet-friendly activity space on the grassland beside Maya City, Nanhu Sub-district.",official_page,public_source_metadata
PPR_102,official_public_space,pet_friendly_activity_space,清水河环湖三路金湖路银湖二街宠物友好活动空间,罗湖区,https://www.szlh.gov.cn/lhcsglj/gkmlpt/content/10/10815/post_10815379.html,2023-09-01,allowed_pet_friendly_activity_space,ten_luohu_pet_friendly_activity_spaces|about_100sqm|pet_play_facilities|civilized_dog_ownership_signage|public_consultation,"Luohu city-management bureau proposed a pet-friendly activity space around Huanhu 3rd Road, Jinhu Road and Yinhu 2nd Street in Qingshuihe.",official_page,public_source_metadata
PPR_103,official_public_space,pet_friendly_activity_space,笋岗田贝社区44号大院文化广场宠物友好活动空间,罗湖区,https://www.szlh.gov.cn/lhcsglj/gkmlpt/content/10/10815/post_10815379.html,2023-09-01,allowed_pet_friendly_activity_space,ten_luohu_pet_friendly_activity_spaces|about_100sqm|pet_play_facilities|civilized_dog_ownership_signage|public_consultation,"Luohu city-management bureau proposed a pet-friendly activity space at the cultural square of Tianbei Community No. 44 compound, Sungang Sub-district.",official_page,public_source_metadata
PPR_104,official_district_strategy,district_pet_friendly_target,罗湖区宠物经济高质量发展实施方案空间目标,罗湖区,https://fgw.sz.gov.cn/ztzl/qtztzl/szscjmyjjfzzhfwpt/xwdt/cyfz/content/post_12770773.html,2026-05-06,district_pet_friendly_development_target,two_pet_friendly_demonstration_blocks|ten_pet_friendly_malls|four_pet_friendly_parks|street_coverage_target|district_policy,"A Shenzhen Development and Reform Commission page reports Luohu's implementation plan target to build at least two pet-friendly demonstration blocks, ten pet-friendly malls and four pet-friendly parks by the end of 2026.",official_government_news,public_source_metadata
PPR_105,official_public_space,pet_friendly_trail,罗芳公园郊野径宠物友好线路,罗湖区,https://www.sznews.com/news/content/2026-04/14/content_32014061.htm,2026-04-14,allowed_pet_friendly_trail,two_km_pet_friendly_trail|pet_rest_area|drinking_point|poop_bag_box|dog_library|explicit_pet_access,"Shenzhen News describes Luofang Park Mountain Trail as Shenzhen's first systematically built pet-friendly country trail, with pet rest areas, drinking points, poop-bag boxes and a dog library.",local_media_operator_report,public_source_metadata
PPR_106,private_commercial,pet_economy_complex,ZoNe丨宠域知汇宠物生态城,罗湖区,https://fgw.sz.gov.cn/ztzl/qtztzl/szscjmyjjfzzhfwpt/xwdt/cyfz/content/post_12770773.html,2026-05-06,pet_friendly_with_zoned_facilities,pet_lifecycle_complex|indoor_pet_park|shared_dining_street|pet_supplies|nutrition|grooming|wellness,"The Shenzhen DRC page describes a transformed Luohu commercial space, ZoNe pet ecology city, as a park-style pet lifecycle complex with indoor pet park and human-pet shared dining street.",official_government_news,public_source_metadata
PPR_107,private_commercial,shopping_mall_pet_social_space,天河城绿洲·宠物友好生活聚场,罗湖区,https://fgw.sz.gov.cn/ztzl/qtztzl/szscjmyjjfzzhfwpt/xwdt/cyfz/content/post_12770773.html,2026-05-06,pet_friendly_with_zoned_facilities,mall_embedded_pet_social_space|rooftop_pet_garden|immersive_human_pet_afternoon_tea|pet_supplies|pet_food|light_medical_care,"The Shenzhen DRC page identifies Tianhecheng Oasis as Shenzhen's first shopping-centre-embedded pet social and lifestyle space, with rooftop pet garden and human-pet afternoon tea.",official_government_news,public_source_metadata
PPR_108,official_mobility_space,pet_friendly_bus_route,深圳巴士H239宠物友好线路,宝安区;南山区,https://amr.sz.gov.cn/xxgk/xwzx/mtbd/content/post_11481583.html,2024-08-02,pet_friendly_transport_service,H239_pet_friendly_bus|weekends_holidays|advance_ticket|reserved_seat|pet_owner_mobility,"A Shenzhen market-regulation page reports that Shenzhen Bus Group opened the H239 pet-friendly bus line on weekends and public holidays, requiring advance ticketing and seat reservation.",official_government_news,public_source_metadata
PPR_109,official_citywide_context,citywide_pet_friendly_space_metric,深圳宠物友好空间官方媒体统计,citywide,https://amr.sz.gov.cn/xxgk/xwzx/mtbd/content/post_11481583.html,2024-08-02,pet_friendly_citywide_commercial_network,ten_plus_pet_friendly_parks|fifty_plus_pet_friendly_malls|one_thousand_plus_pet_friendly_restaurants|citywide_space_metric,"A Shenzhen market-regulation page reports citywide figures of more than ten pet-friendly outdoor parks, more than fifty pet-friendly shopping centres and more than one thousand pet-friendly dining venues.",official_government_news,public_source_metadata
PPR_110,private_commercial,shopping_mall,前海欢乐港湾宠物友好商业街区,宝安区,https://www.sznews.com/news/content/2025-03/21/content_31494861.htm,2025-03-21,pet_friendly_commercial_demonstration_point,pet_friendly_ferris_wheel|dog_cabin|cat_cabin|one_hundred_plus_pet_friendly_merchants|pet_friendly_brand_alliance|hardware_facilities,Shenzhen News reports that Happy Harbour opened pet-friendly ferris-wheel cabins and that more than 100 merchants in the commercial street implemented pet-friendly practices.,local_media_operator_report,public_source_metadata
PPR_111,private_recreation,theme_park_pet_friendly_event,深圳欢乐谷宠物友好季服务体系,南山区,https://m.dutenews.com/n/article/10315677,2026-02-01,pet_friendly_with_zoned_facilities,five_pet_accessible_rides|pet_queue_lane|pet_seat|one_guest_one_disinfection|poop_bags|wet_wipes|pet_stroller_rental|temporary_pet_storage,"Dute reports that Shenzhen Happy Valley's pet-friendly season opened five rides to pets with dedicated queue lanes and seats, disinfection, cleaning supplies, pet stroller rental and temporary pet storage.",media_report_with_operator_details,public_source_metadata
PPR_112,official_district_strategy,district_pet_friendly_target,龙华区2025宠物友好社区与商场目标,龙华区,https://www.sznews.com/news/content/mb/2025-04/22/content_31545166.htm?cxid=jy160&token=1745308800112,2025-04-22,district_pet_friendly_development_target,ten_pet_friendly_communities|twenty_pet_friendly_malls|pet_economy_industrial_cluster|district_target,"Shenzhen News reports that Longhua planned in 2025 to add ten pet-friendly communities and twenty pet-friendly shopping malls, using pet culture week as a new-scenario platform.",local_media_operator_report,public_source_metadata
PPR_HILTON_001,private_hospitality,hotel,Hilton Shenzhen Futian,深圳市,https://www.hilton.com/en/locations/china/shenzhen/,2026,hotel_structured_pets_not_allowed,hilton_structured_amenity|petsNotAllowed|operator_location_page,Hilton's Shenzhen location page marks Hilton Shenzhen Futian with the structured amenity ID petsNotAllowed.,operator_structured_location_page,Hilton __NEXT_DATA__ amenityIds; ctyhocn=SZXSFHI; accessed_at=2026-05-28T20:57:21.965912+00:00
PPR_HILTON_002,private_hospitality,hotel,Hampton by Hilton Shenzhen Futian Port,深圳市,https://www.hilton.com/en/locations/china/shenzhen/,2026,hotel_structured_pets_not_allowed,hilton_structured_amenity|petsNotAllowed|operator_location_page,Hilton's Shenzhen location page marks Hampton by Hilton Shenzhen Futian Port with the structured amenity ID petsNotAllowed.,operator_structured_location_page,Hilton __NEXT_DATA__ amenityIds; ctyhocn=SZXADHX; accessed_at=2026-05-28T20:57:21.965912+00:00
PPR_HILTON_003,private_hospitality,hotel,Hampton by Hilton Shenzhen Futian Huaqiangbei,深圳市,https://www.hilton.com/en/locations/china/shenzhen/,2026,hotel_structured_pets_not_allowed,hilton_structured_amenity|petsNotAllowed|operator_location_page,Hilton's Shenzhen location page marks Hampton by Hilton Shenzhen Futian Huaqiangbei with the structured amenity ID petsNotAllowed.,operator_structured_location_page,Hilton __NEXT_DATA__ amenityIds; ctyhocn=SZXEWHX; accessed_at=2026-05-28T20:57:21.965912+00:00
PPR_HILTON_004,private_hospitality,hotel,Hampton Apartments by Hilton Shenzhen Futian Mangrove Park,深圳市,https://www.hilton.com/en/locations/china/shenzhen/,2026,hotel_structured_pets_not_allowed,hilton_structured_amenity|petsNotAllowed|operator_location_page,Hilton's Shenzhen location page marks Hampton Apartments by Hilton Shenzhen Futian Mangrove Park with the structured amenity ID petsNotAllowed.,operator_structured_location_page,Hilton __NEXT_DATA__ amenityIds; ctyhocn=SZXFHHX; accessed_at=2026-05-28T20:57:21.965912+00:00
PPR_HILTON_005,private_hospitality,hotel,Hilton Garden Inn Shenzhen Luohu Port,深圳市,https://www.hilton.com/en/locations/china/shenzhen/,2026,hotel_structured_pets_not_allowed,hilton_structured_amenity|petsNotAllowed|operator_location_page,Hilton's Shenzhen location page marks Hilton Garden Inn Shenzhen Luohu Port with the structured amenity ID petsNotAllowed.,operator_structured_location_page,Hilton __NEXT_DATA__ amenityIds; ctyhocn=SZXLHGI; accessed_at=2026-05-28T20:57:21.965912+00:00
PPR_HILTON_006,private_hospitality,hotel,Hampton by Hilton Shenzhen Dongmen,深圳市,https://www.hilton.com/en/locations/china/shenzhen/,2026,hotel_structured_pets_not_allowed,hilton_structured_amenity|petsNotAllowed|operator_location_page,Hilton's Shenzhen location page marks Hampton by Hilton Shenzhen Dongmen with the structured amenity ID petsNotAllowed.,operator_structured_location_page,Hilton __NEXT_DATA__ amenityIds; ctyhocn=SZXXXHX; accessed_at=2026-05-28T20:57:21.965912+00:00
PPR_HILTON_007,private_hospitality,hotel,Hampton by Hilton Shenzhen North Station,深圳市,https://www.hilton.com/en/locations/china/shenzhen/,2026,hotel_structured_pets_not_allowed,hilton_structured_amenity|petsNotAllowed|operator_location_page,Hilton's Shenzhen location page marks Hampton by Hilton Shenzhen North Station with the structured amenity ID petsNotAllowed.,operator_structured_location_page,Hilton __NEXT_DATA__ amenityIds; ctyhocn=SZXBBHX; accessed_at=2026-05-28T20:57:21.965912+00:00
PPR_HILTON_008,private_hospitality,hotel,DoubleTree by Hilton Shenzhen Bay,深圳市,https://www.hilton.com/en/locations/china/shenzhen/,2026,hotel_structured_pets_not_allowed,hilton_structured_amenity|petsNotAllowed|operator_location_page,Hilton's Shenzhen location page marks DoubleTree by Hilton Shenzhen Bay with the structured amenity ID petsNotAllowed.,operator_structured_location_page,Hilton __NEXT_DATA__ amenityIds; ctyhocn=SZXPODI; accessed_at=2026-05-28T20:57:21.965912+00:00
PPR_HILTON_009,private_hospitality,hotel,Hampton by Hilton Shenzhen Bantian,深圳市,https://www.hilton.com/en/locations/china/shenzhen/,2026,hotel_structured_pets_not_allowed,hilton_structured_amenity|petsNotAllowed|operator_location_page,Hilton's Shenzhen location page marks Hampton by Hilton Shenzhen Bantian with the structured amenity ID petsNotAllowed.,operator_structured_location_page,Hilton __NEXT_DATA__ amenityIds; ctyhocn=SZXBNHX; accessed_at=2026-05-28T20:57:21.965912+00:00
PPR_HILTON_010,private_hospitality,hotel,Hampton by Hilton Shenzhen Nanshan Science & Technology Park,深圳市,https://www.hilton.com/en/locations/china/shenzhen/,2026,hotel_structured_pets_not_allowed,hilton_structured_amenity|petsNotAllowed|operator_location_page,Hilton's Shenzhen location page marks Hampton by Hilton Shenzhen Nanshan Science & Technology Park with the structured amenity ID petsNotAllowed.,operator_structured_location_page,Hilton __NEXT_DATA__ amenityIds; ctyhocn=SZXNSHX; accessed_at=2026-05-28T20:57:21.965912+00:00
PPR_HILTON_011,private_hospitality,hotel,Home2 Suites by Hilton Shenzhen Nanshan Science & Technology Park,深圳市,https://www.hilton.com/en/locations/china/shenzhen/,2026,pet_friendly_hotel_structured_allowed,hilton_structured_amenity|petsAllowed|operator_location_page,Hilton's Shenzhen location page marks Home2 Suites by Hilton Shenzhen Nanshan Science & Technology Park with the structured amenity ID petsAllowed.,operator_structured_location_page,Hilton __NEXT_DATA__ amenityIds; ctyhocn=SZXEHHT; accessed_at=2026-05-28T20:57:21.965912+00:00
PPR_HILTON_012,private_hospitality,hotel,DoubleTree by Hilton Shenzhen Longhua,深圳市,https://www.hilton.com/en/locations/china/shenzhen/,2026,pet_friendly_hotel_structured_allowed,hilton_structured_amenity|petsAllowed|operator_location_page,Hilton's Shenzhen location page marks DoubleTree by Hilton Shenzhen Longhua with the structured amenity ID petsAllowed.,operator_structured_location_page,Hilton __NEXT_DATA__ amenityIds; ctyhocn=SZXDJDI; accessed_at=2026-05-28T20:57:21.965912+00:00
PPR_HILTON_013,private_hospitality,hotel,Hilton Garden Inn Shenzhen Nanshan Avenue,深圳市,https://www.hilton.com/en/locations/china/shenzhen/,2026,hotel_structured_pets_not_allowed,hilton_structured_amenity|petsNotAllowed|operator_location_page,Hilton's Shenzhen location page marks Hilton Garden Inn Shenzhen Nanshan Avenue with the structured amenity ID petsNotAllowed.,operator_structured_location_page,Hilton __NEXT_DATA__ amenityIds; ctyhocn=SZXEEGI; accessed_at=2026-05-28T20:57:21.965912+00:00
PPR_HILTON_014,private_hospitality,hotel,Hampton by Hilton Shenzhen Longhua Qinghu,深圳市,https://www.hilton.com/en/locations/china/shenzhen/,2026,hotel_structured_pets_not_allowed,hilton_structured_amenity|petsNotAllowed|operator_location_page,Hilton's Shenzhen location page marks Hampton by Hilton Shenzhen Longhua Qinghu with the structured amenity ID petsNotAllowed.,operator_structured_location_page,Hilton __NEXT_DATA__ amenityIds; ctyhocn=SZXTHHX; accessed_at=2026-05-28T20:57:21.965912+00:00
PPR_HILTON_015,private_hospitality,hotel,DoubleTree by Hilton Shenzhen Nanshan Hotel & Residences,深圳市,https://www.hilton.com/en/locations/china/shenzhen/,2026,hotel_structured_pets_not_allowed,hilton_structured_amenity|petsNotAllowed|operator_location_page,Hilton's Shenzhen location page marks DoubleTree by Hilton Shenzhen Nanshan Hotel & Residences with the structured amenity ID petsNotAllowed.,operator_structured_location_page,Hilton __NEXT_DATA__ amenityIds; ctyhocn=SZXSDDI; accessed_at=2026-05-28T20:57:21.965912+00:00
PPR_HILTON_016,private_hospitality,hotel,Hampton by Hilton Shenzhen Bao’an Xin’an,深圳市,https://www.hilton.com/en/locations/china/shenzhen/,2026,hotel_structured_pets_not_allowed,hilton_structured_amenity|petsNotAllowed|operator_location_page,Hilton's Shenzhen location page marks Hampton by Hilton Shenzhen Bao’an Xin’an with the structured amenity ID petsNotAllowed.,operator_structured_location_page,Hilton __NEXT_DATA__ amenityIds; ctyhocn=SZXSCHX; accessed_at=2026-05-28T20:57:21.965912+00:00
PPR_HILTON_017,private_hospitality,hotel,Hilton Shenzhen Shekou Nanhai,深圳市,https://www.hilton.com/en/locations/china/shenzhen/,2026,pet_friendly_hotel_structured_allowed,hilton_structured_amenity|petsAllowed|operator_location_page,Hilton's Shenzhen location page marks Hilton Shenzhen Shekou Nanhai with the structured amenity ID petsAllowed.,operator_structured_location_page,Hilton __NEXT_DATA__ amenityIds; ctyhocn=SZXSSHI; accessed_at=2026-05-28T20:57:21.965912+00:00
PPR_HILTON_018,private_hospitality,hotel,Conrad Shenzhen,深圳市,https://www.hilton.com/en/locations/china/shenzhen/,2026,hotel_structured_pets_not_allowed,hilton_structured_amenity|petsNotAllowed|operator_location_page,Hilton's Shenzhen location page marks Conrad Shenzhen with the structured amenity ID petsNotAllowed.,operator_structured_location_page,Hilton __NEXT_DATA__ amenityIds; ctyhocn=SZXCICI; accessed_at=2026-05-28T20:57:21.965912+00:00
PPR_HILTON_019,private_hospitality,hotel,Hampton by Hilton Shenzhen Longhua Dalang Commercial Center,深圳市,https://www.hilton.com/en/locations/china/shenzhen/,2026,hotel_structured_pets_not_allowed,hilton_structured_amenity|petsNotAllowed|operator_location_page,Hilton's Shenzhen location page marks Hampton by Hilton Shenzhen Longhua Dalang Commercial Center with the structured amenity ID petsNotAllowed.,operator_structured_location_page,Hilton __NEXT_DATA__ amenityIds; ctyhocn=SZXHRHX; accessed_at=2026-05-28T20:57:21.965912+00:00
PPR_HILTON_020,private_hospitality,hotel,Hampton by Hilton Shenzhen Nanshan Qianhai,深圳市,https://www.hilton.com/en/locations/china/shenzhen/,2026,hotel_structured_pets_not_allowed,hilton_structured_amenity|petsNotAllowed|operator_location_page,Hilton's Shenzhen location page marks Hampton by Hilton Shenzhen Nanshan Qianhai with the structured amenity ID petsNotAllowed.,operator_structured_location_page,Hilton __NEXT_DATA__ amenityIds; ctyhocn=SZXHCHX; accessed_at=2026-05-28T20:57:21.965912+00:00
