source_id,venue_name,sector,venue_type,district_or_area,access_position,url,source_date,evidence_level,source_class,publication_use_status,source_weight_for_model,source_grounding,manual_verification_status,publication_claim_boundary,archive_needed,archive_note
PPR_001,景田北六街宠物公园,official_public_space,pet_friendly_park,福田区,allowed_designated_pet_park,https://cgj.sz.gov.cn/zjcg/zh/content/post_10406034.html,2023-02-02,official_page,A_official_primary,main_model,0.95,public_source_metadata,verify_before_submission,rule_claim_allowed,yes,"Before submission, preserve source title/date/accessed_at and page evidence in a reproducible appendix or source-data table."
PPR_002,洪湖东宠物乐园,official_public_space,pet_friendly_park,罗湖区,allowed_designated_pet_park,https://cgj.sz.gov.cn/zjcg/zh/content/post_10406034.html,2023-02-02,official_page,A_official_primary,main_model,0.95,public_source_metadata,verify_before_submission,rule_claim_allowed,yes,"Before submission, preserve source title/date/accessed_at and page evidence in a reproducible appendix or source-data table."
PPR_003,春天海社区公园,official_public_space,pet_friendly_park,盐田区,allowed_designated_pet_park,https://cgj.sz.gov.cn/zjcg/zh/content/post_10406034.html,2023-02-02,official_page,A_official_primary,main_model,0.95,public_source_metadata,verify_before_submission,rule_claim_allowed,yes,"Before submission, preserve source title/date/accessed_at and page evidence in a reproducible appendix or source-data table."
PPR_004,四海公园宠物乐园,official_public_space,pet_friendly_park,南山区,allowed_designated_pet_park,https://cgj.sz.gov.cn/zjcg/zh/content/post_10406034.html,2023-02-02,official_page,A_official_primary,main_model,0.95,public_source_metadata,verify_before_submission,rule_claim_allowed,yes,"Before submission, preserve source title/date/accessed_at and page evidence in a reproducible appendix or source-data table."
PPR_005,灵芝街心宠物公园,official_public_space,pet_friendly_park,宝安区,allowed_designated_pet_park,https://cgj.sz.gov.cn/zjcg/zh/content/post_10406034.html,2023-02-02,official_page,A_official_primary,main_model,0.95,public_source_metadata,verify_before_submission,rule_claim_allowed,yes,"Before submission, preserve source title/date/accessed_at and page evidence in a reproducible appendix or source-data table."
PPR_006,龙岗河干流宠物乐园,official_public_space,pet_friendly_park,龙岗区,allowed_designated_pet_park,https://cgj.sz.gov.cn/zjcg/zh/content/post_10406034.html,2023-02-02,official_page,A_official_primary,main_model,0.95,public_source_metadata,verify_before_submission,rule_claim_allowed,yes,"Before submission, preserve source title/date/accessed_at and page evidence in a reproducible appendix or source-data table."
PPR_007,龙华区宠物公园,official_public_space,pet_friendly_park,龙华区,allowed_designated_pet_park,https://cgj.sz.gov.cn/zjcg/zh/content/post_10406034.html,2023-02-02,official_page,A_official_primary,main_model,0.95,public_source_metadata,verify_before_submission,rule_claim_allowed,yes,"Before submission, preserve source title/date/accessed_at and page evidence in a reproducible appendix or source-data table."
PPR_008,坪山养犬教育科普基地,official_public_space,pet_governance_education_base,坪山区,allowed_governance_education_site,https://cgj.sz.gov.cn/zjcg/zh/content/post_10406034.html,2023-02-02,official_page,A_official_primary,main_model,0.95,public_source_metadata,verify_before_submission,rule_claim_allowed,yes,"Before submission, preserve source title/date/accessed_at and page evidence in a reproducible appendix or source-data table."
PPR_009,光明区宠物公园,official_public_space,pet_friendly_park,光明区,allowed_designated_pet_park,https://cgj.sz.gov.cn/zjcg/zh/content/post_10406034.html,2023-02-02,official_page,A_official_primary,main_model,0.95,public_source_metadata,verify_before_submission,rule_claim_allowed,yes,"Before submission, preserve source title/date/accessed_at and page evidence in a reproducible appendix or source-data table."
PPR_010,大鹏宠物公园,official_public_space,pet_friendly_park,大鹏新区,allowed_designated_pet_park,https://cgj.sz.gov.cn/zjcg/zh/content/post_10406034.html,2023-02-02,official_page,A_official_primary,main_model,0.95,public_source_metadata,verify_before_submission,rule_claim_allowed,yes,"Before submission, preserve source title/date/accessed_at and page evidence in a reproducible appendix or source-data table."
PPR_011,深圳宠物公园通用提醒,official_public_space,public_pet_park_code,citywide,conditional_access,https://cgj.sz.gov.cn/zjcg/zh/content/post_10406034.html,2023-02-02,official_page,A_official_primary,main_model,0.95,public_source_metadata,verify_before_submission,rule_claim_allowed,yes,"Before submission, preserve source title/date/accessed_at and page evidence in a reproducible appendix or source-data table."
PPR_012,餐厅、商店、市场等经营场所,official_private_space_governance,restaurant_mall_shop,citywide,operator_discretion_under_municipal_rule,https://www.sz.gov.cn/hdjlpt/detail?pid=3323947&via=pc,2025,official_interaction_reply,A_official_primary,main_model,0.9,public_source_metadata,verify_before_submission,rule_claim_allowed,yes,"Before submission, preserve source title/date/accessed_at and page evidence in a reproducible appendix or source-data table."
PPR_013,深圳住宅小区宠物集中活动场地标准条文说明,official_residential_standard,residential_community,citywide,design_guidance,https://zjj.sz.gov.cn/attachment/1/1683/1683075/12647673.pdf,2026,official_standard_pdf,A_official_primary,main_model,0.9,public_source_metadata,verify_before_submission,rule_claim_allowed,yes,"Before submission, preserve source title/date/accessed_at and page evidence in a reproducible appendix or source-data table."
PPR_014,沙井京基百纳广场,private_commercial,shopping_mall,宝安区,pet_friendly_with_entry_rules,https://difang.gmw.cn/sz/2024-09/04/content_37542475.htm,2024-09-04,media_report_with_operator_details,C_reported_operator_detail,supplement_or_sensitivity,0.65,public_source_metadata,already_seeded_but_recheck,sensitivity_or_context_claim_only,yes,"Before submission, preserve source title/date/accessed_at and page evidence in a reproducible appendix or source-data table."
PPR_015,深圳来福士广场,private_commercial,shopping_mall,南山区,pet_friendly_with_zoned_facilities,https://cj.sina.com.cn/articles/view/6427438064/17f1aebf0001013isd,2022-11-03,media_report_with_operator_details,C_reported_operator_detail,supplement_or_sensitivity,0.65,public_source_metadata,already_seeded_but_recheck,sensitivity_or_context_claim_only,yes,"Before submission, preserve source title/date/accessed_at and page evidence in a reproducible appendix or source-data table."
PPR_016,深圳10个宠物友好购物中心样本,private_commercial,shopping_mall_sample,multi_area,pet_friendly_but_operationally_contested,https://www.sohu.com/a/722271319_120114194,2023-09-21,industry_media_field_report,D_secondary_industry_media,supplement_or_sensitivity,0.45,public_source_metadata,already_seeded_but_recheck,sensitivity_or_context_claim_only,yes,"Before submission, preserve source title/date/accessed_at and page evidence in a reproducible appendix or source-data table."
PPR_017,海底捞深圳上河坊店宠物友好试点,private_commercial,restaurant,龙华区,pilot_pet_friendly_restaurant,https://cbgc.scol.com.cn/news/7046500,2025-12-09,news_report_with_operator_response,C_reported_operator_detail,supplement_or_sensitivity,0.65,public_source_metadata,already_seeded_but_recheck,sensitivity_or_context_claim_only,yes,"Before submission, preserve source title/date/accessed_at and page evidence in a reproducible appendix or source-data table."
PPR_018,海底捞携宠就餐试点停止,private_commercial,restaurant,深圳上河坊店;深圳壹方城店;武汉群星城店,pilot_reversal_restrictive,https://finance.sina.cn/2026-05-26/detail-inhzfmyh2820618.d.html?vt=4,2026-05-26,current_media_report_from_official_statement,C_reported_operator_detail,supplement_or_sensitivity,0.65,public_source_metadata,already_seeded_but_recheck,sensitivity_or_context_claim_only,yes,"Before submission, preserve source title/date/accessed_at and page evidence in a reproducible appendix or source-data table."
PPR_019,深圳君悦酒店 Dogcation 宠物犬客房套餐,private_hospitality,hotel,罗湖区,pet_dog_allowed_package_only,https://www.hyatt.com/content/dam/hotel/propertysites/assets/grand/shegh/documents/en_US/offers/Dogcation-FAQs.pdf,2026,operator_policy_pdf,B_operator_primary,main_model,0.9,public_source_metadata,verify_before_submission,rule_claim_allowed,yes,"Before submission, preserve source title/date/accessed_at and page evidence in a reproducible appendix or source-data table."
PPR_020,深圳君悦酒店一般酒店政策,private_hospitality,hotel,罗湖区,generally_no_pets,https://www.hyatt.com/grand-hyatt/zh-CN/shegh-grand-hyatt-shenzhen/policies,2026,operator_policy_page,B_operator_primary,main_model,0.9,public_source_metadata,verify_before_submission,rule_claim_allowed,yes,"Before submission, preserve source title/date/accessed_at and page evidence in a reproducible appendix or source-data table."
PPR_021,深圳柏悦酒店,private_hospitality,hotel,福田区,no_pets_except_service_animals,https://www.hyatt.com/park-hyatt/en-US/szxph-park-hyatt-shenzhen/policies,2026,operator_policy_page,B_operator_primary,main_model,0.9,public_source_metadata,verify_before_submission,rule_claim_allowed,yes,"Before submission, preserve source title/date/accessed_at and page evidence in a reproducible appendix or source-data table."
PPR_022,宝安天虹5家宠物友好商场,private_commercial,shopping_mall_group,宝安区,pet_friendly_with_zoned_facilities,https://www.dutenews.com/n/article/8230248,2024-06-09,media_report_with_operator_details,C_reported_operator_detail,supplement_or_sensitivity,0.65,public_source_metadata,must_open_and_archive_before_main_use,sensitivity_or_context_claim_only,yes,"Before submission, preserve source title/date/accessed_at and page evidence in a reproducible appendix or source-data table."
PPR_023,观澜湖新城MH MALL,private_commercial,shopping_mall,龙华区,pet_friendly_with_entry_rules,https://www.missionhillschina.com/news/cutepet/,,operator_news_page,B_operator_primary,main_model_with_caution,0.75,public_source_metadata,must_open_and_archive_before_main_use,rule_claim_allowed,yes,"Before submission, preserve source title/date/accessed_at and page evidence in a reproducible appendix or source-data table."
PPR_024,深圳50+宠物友好购物中心,private_commercial,shopping_mall_network,citywide,pet_friendly_citywide_commercial_network,https://www.dutenews.com/p/8203760.html,2024-05-29,local_media_citywide_feature,C_reported_operator_detail,supplement_or_sensitivity,0.5,public_source_metadata,must_open_and_archive_before_main_use,sensitivity_or_context_claim_only,yes,"Before submission, preserve source title/date/accessed_at and page evidence in a reproducible appendix or source-data table."
PPR_025,深圳佳兆业万豪酒店,private_hospitality,hotel,大鹏新区,pet_dog_allowed_with_cleaning_fee,https://www.marriott.com.cn/hotels/szxgb-shenzhen-marriott-hotel-golden-bay/overview/,2026,operator_policy_page,B_operator_primary,main_model,0.9,public_source_metadata,verify_before_submission,rule_claim_allowed,yes,"Before submission, preserve source title/date/accessed_at and page evidence in a reproducible appendix or source-data table."
PPR_026,深圳机场宠物候机厅,official_mobility_space,airport_pet_lounge,宝安区,pet_friendly_transport_service,https://www.szairport.com/szairport/kgxw/202405/fce18f36cae4485d80d6ddc8fadc5824.shtml,2024-05,official_operator_page,A_official_primary,main_model,0.9,public_source_metadata,verify_before_submission,rule_claim_allowed,yes,"Before submission, preserve source title/date/accessed_at and page evidence in a reproducible appendix or source-data table."
PPR_027,深圳养犬服务小程序,official_digital_governance,citywide_dog_service_platform,citywide,administrative_service_support,https://www.sz.gov.cn/cn/xxgk/zfxxgj/zwdt/content/post_8241410.html,2020,official_government_news,A_official_primary,main_model,0.9,public_source_metadata,verify_before_submission,rule_claim_allowed,yes,"Before submission, preserve source title/date/accessed_at and page evidence in a reproducible appendix or source-data table."
PPR_028,深圳犬只电子芯片管理,official_digital_governance,dog_chip_management,citywide,administrative_service_support,https://www.sz.gov.cn/cn/xxgk/zfxxgj/zwdt/content/post_7681531.html,2020,official_government_news,A_official_primary,main_model,0.9,public_source_metadata,verify_before_submission,rule_claim_allowed,yes,"Before submission, preserve source title/date/accessed_at and page evidence in a reproducible appendix or source-data table."
PPR_029,深圳养犬服务平台领养和寻宠功能,official_digital_governance,adoption_and_lost_pet_service,citywide,administrative_service_support,https://cgj.sz.gov.cn/hdjl/bmxx/content/post_9970967.html,2022,official_page,A_official_primary,main_model,0.95,public_source_metadata,verify_before_submission,rule_claim_allowed,yes,"Before submission, preserve source title/date/accessed_at and page evidence in a reproducible appendix or source-data table."
PPR_030,宠物友好型商场运营规范深圳样本,private_commercial_standard,shopping_mall_standard,citywide,standardized_pet_friendly_commercial_operation,https://www.foshanplus.com/news/1007358.html,2026,industry_media_standard_report,D_secondary_industry_media,supplement_or_sensitivity,0.5,public_source_metadata,must_open_and_archive_before_main_use,sensitivity_or_context_claim_only,yes,"Before submission, preserve source title/date/accessed_at and page evidence in a reproducible appendix or source-data table."
PPR_031,Benji Bistro,private_commercial,restaurant,南山区,pet_friendly_with_entry_rules,https://szmeetups.com/zh/v/benji-bistro,2024,venue_directory_page,E_discovery_or_context,discovery_only_until_verified,0.3,public_source_metadata,must_open_and_archive_before_main_use,not_a_standalone_rule_claim,yes,"Before submission, preserve source title/date/accessed_at and page evidence in a reproducible appendix or source-data table."
PPR_032,天虹深圳辖区25家宠物友好空间升级,private_commercial,shopping_mall_group,multi_area,pet_friendly_citywide_commercial_network,https://www.dutenews.com/n/article/8230248,2024-06-09,media_report_with_operator_details,C_reported_operator_detail,supplement_or_sensitivity,0.65,public_source_metadata,must_open_and_archive_before_main_use,sensitivity_or_context_claim_only,yes,"Before submission, preserve source title/date/accessed_at and page evidence in a reproducible appendix or source-data table."
PPR_033,沙井京基百纳广场屋顶萌宠乐园,private_commercial,shopping_mall_pet_park,宝安区,pet_friendly_with_zoned_facilities,https://www.sznews.com/news/content/mb/2025-07/28/content_31643545.htm,2025-07-28,local_media_operator_report,C_reported_operator_detail,supplement_or_sensitivity,0.6,public_source_metadata,must_open_and_archive_before_main_use,sensitivity_or_context_claim_only,yes,"Before submission, preserve source title/date/accessed_at and page evidence in a reproducible appendix or source-data table."
PPR_034,深圳宠物友好餐厅口碑报告,private_commercial,restaurant_network_metric,citywide,pet_friendly_citywide_commercial_network,https://www.digitaling.com/articles/186885.html,2018,platform_report_repost,D_secondary_industry_media,supplement_or_sensitivity,0.4,public_source_metadata,must_open_and_archive_before_main_use,sensitivity_or_context_claim_only,yes,"Before submission, preserve source title/date/accessed_at and page evidence in a reproducible appendix or source-data table."
PPR_035,深圳湾睿印RAIL IN,private_commercial,shopping_mall_sample,南山区,pet_friendly_with_zoned_facilities,https://www.sohu.com/a/722271319_120114194,2023-09-21,industry_media_field_report,D_secondary_industry_media,supplement_or_sensitivity,0.45,public_source_metadata,must_open_and_archive_before_main_use,sensitivity_or_context_claim_only,yes,"Before submission, preserve source title/date/accessed_at and page evidence in a reproducible appendix or source-data table."
PPR_036,盐田壹海城,private_commercial,shopping_mall_sample,盐田区,pet_friendly_with_zoned_facilities,https://www.foshanplus.com/news/1007358.html,2026,industry_media_standard_report,D_secondary_industry_media,supplement_or_sensitivity,0.5,public_source_metadata,must_open_and_archive_before_main_use,sensitivity_or_context_claim_only,yes,"Before submission, preserve source title/date/accessed_at and page evidence in a reproducible appendix or source-data table."
PPR_037,福田深业上城,private_commercial,shopping_mall_sample,福田区,pet_friendly_with_zoned_facilities,https://www.foshanplus.com/news/1007358.html,2026,industry_media_standard_report,D_secondary_industry_media,supplement_or_sensitivity,0.5,public_source_metadata,must_open_and_archive_before_main_use,sensitivity_or_context_claim_only,yes,"Before submission, preserve source title/date/accessed_at and page evidence in a reproducible appendix or source-data table."
PPR_038,南山海岸城,private_commercial,shopping_mall_sample,南山区,pet_friendly_with_zoned_facilities,https://www.foshanplus.com/news/1007358.html,2026,industry_media_standard_report,D_secondary_industry_media,supplement_or_sensitivity,0.5,public_source_metadata,must_open_and_archive_before_main_use,sensitivity_or_context_claim_only,yes,"Before submission, preserve source title/date/accessed_at and page evidence in a reproducible appendix or source-data table."
PPR_039,大型犬可进乐园与餐厅深圳样本,private_commercial,shopping_mall_sample,multi_area,pet_friendly_but_low_evidence_platform_story,https://global.hk01.com/article/60336227,2026,social_media_story_repost,E_discovery_or_context,discovery_only_until_verified,0.2,public_source_metadata,must_open_and_archive_before_main_use,not_a_standalone_rule_claim,yes,"Before submission, preserve source title/date/accessed_at and page evidence in a reproducible appendix or source-data table."
PPR_040,Baia Burger Concept Bar Restaurant,private_commercial,restaurant,福田区,pet_friendly_but_low_evidence_platform_story,https://jetlygo.com/China/Shenzhen/things-to-do/restaurants/id/17253,2026,venue_directory_page,E_discovery_or_context,discovery_only_until_verified,0.3,public_source_metadata,must_open_and_archive_before_main_use,not_a_standalone_rule_claim,yes,"Before submission, preserve source title/date/accessed_at and page evidence in a reproducible appendix or source-data table."
PPR_041,Fannou Bistro,private_commercial,restaurant,南山区,pet_friendly_but_low_evidence_platform_story,https://www.reddit.com/r/shenzhen/comments/1ijnyqk,2025,public_forum_lead,E_discovery_or_context,discovery_only_until_verified,0.15,public_source_metadata,must_open_and_archive_before_main_use,not_a_standalone_rule_claim,yes,"Before submission, preserve source title/date/accessed_at and page evidence in a reproducible appendix or source-data table."
PPR_042,La Maison,private_commercial,restaurant,南山区,pet_friendly_but_low_evidence_platform_story,https://www.reddit.com/r/shenzhen/comments/1ijnyqk,2025,public_forum_lead,E_discovery_or_context,discovery_only_until_verified,0.15,public_source_metadata,must_open_and_archive_before_main_use,not_a_standalone_rule_claim,yes,"Before submission, preserve source title/date/accessed_at and page evidence in a reproducible appendix or source-data table."
PPR_043,深圳湾睿印RAIL IN Reddit corroboration,private_commercial,shopping_mall_sample,南山区,pet_friendly_but_low_evidence_platform_story,https://www.reddit.com/r/shenzhen/comments/1ijnyqk,2025,public_forum_lead,E_discovery_or_context,discovery_only_until_verified,0.15,public_source_metadata,must_open_and_archive_before_main_use,not_a_standalone_rule_claim,yes,"Before submission, preserve source title/date/accessed_at and page evidence in a reproducible appendix or source-data table."
PPR_044,PAW HUB OCT PARK,private_commercial,pet_cafe_retail_care,南山区,pet_friendly_with_zoned_facilities,https://mooool.com/en/yanho-by-informal-design.html,2026,design_publication_case,D_secondary_industry_media,supplement_or_sensitivity,0.4,public_source_metadata,must_open_and_archive_before_main_use,sensitivity_or_context_claim_only,yes,"Before submission, preserve source title/date/accessed_at and page evidence in a reproducible appendix or source-data table."
PPR_045,龙华政府英文报道宠物友好餐饮样本,private_commercial,restaurant_network_metric,multi_area,pet_friendly_citywide_commercial_network,https://www.szlhq.gov.cn/english/news/content/mpost_9352477.html,2021,official_government_english_news,A_official_primary,main_model,0.85,public_source_metadata,must_open_and_archive_before_main_use,rule_claim_allowed,yes,"Before submission, preserve source title/date/accessed_at and page evidence in a reproducible appendix or source-data table."
PPR_046,商场小型犬入场规则深圳/广州样本,private_commercial,shopping_mall_rule_variant,citywide,pet_friendly_with_entry_rules,https://ep.ycwb.com/epaper/ycwb/resfile/2026-04-15/A06/ycwb20260415A06.pdf,2026-04-15,newspaper_pdf_rule_report,D_secondary_industry_media,supplement_or_sensitivity,0.45,public_source_metadata,must_open_and_archive_before_main_use,sensitivity_or_context_claim_only,yes,"Before submission, preserve source title/date/accessed_at and page evidence in a reproducible appendix or source-data table."
PPR_047,商场宠物友好标识撤下的跨城风险样本,private_commercial,shopping_mall_reversal_context,external_context,pilot_reversal_restrictive,https://ep.shxwcb.com/2026/03/25/img/020325.pdf,2026-03-25,external_context_not_shenzhen,F_external_context,context_only_exclude_from_shenzhen_model,0.05,public_source_metadata,must_open_and_archive_before_main_use,sensitivity_or_context_claim_only,yes,"Before submission, preserve source title/date/accessed_at and page evidence in a reproducible appendix or source-data table."
PPR_048,JW Marriott Hotel Shenzhen Bao'an,private_hospitality,hotel,宝安区,generally_no_pets,https://www.marriott.com/en-us/hotels/szxba-jw-marriott-hotel-shenzhen-baoan/overview/,2026,operator_policy_page,B_operator_primary,main_model,0.9,public_source_metadata,verify_before_submission,rule_claim_allowed,yes,"Before submission, preserve source title/date/accessed_at and page evidence in a reproducible appendix or source-data table."
PPR_049,Benji Bistro Dutenews,private_commercial,restaurant,南山区,pet_friendly_with_entry_rules,https://www.dutenews.com/n/article/8609171,2025,local_media_operator_report,C_reported_operator_detail,supplement_or_sensitivity,0.6,public_source_metadata,must_open_and_archive_before_main_use,sensitivity_or_context_claim_only,yes,"Before submission, preserve source title/date/accessed_at and page evidence in a reproducible appendix or source-data table."
PPR_050,深圳蛇口希尔顿南海酒店,private_hospitality,hotel,南山区,pet_friendly_with_zoned_facilities,https://m.wuhanmarriott.cn/newsdetail-828591.html,2026,hotel_group_news_repost,E_discovery_or_context,discovery_only_until_verified,0.35,public_source_metadata,must_open_and_archive_before_main_use,not_a_standalone_rule_claim,yes,"Before submission, preserve source title/date/accessed_at and page evidence in a reproducible appendix or source-data table."
PPR_051,深业上城 Apple Maps pet-friendly review,private_commercial,shopping_mall_sample,福田区,pet_friendly_but_low_evidence_platform_story,https://maps.apple.com/place?auid=1117349099524193&lsp=57879,2026,map_user_review_lead,E_discovery_or_context,discovery_only_until_verified,0.2,public_source_metadata,must_open_and_archive_before_main_use,not_a_standalone_rule_claim,yes,"Before submission, preserve source title/date/accessed_at and page evidence in a reproducible appendix or source-data table."
PPR_052,Benji Bistro Reddit experience,private_commercial,restaurant,南山区,pet_friendly_but_low_evidence_platform_story,https://www.reddit.com/r/shenzhen/comments/1qtk160/eat_at_a_fancy_bistro_in_shekouwith_your_dog/,2026,public_forum_lead,E_discovery_or_context,discovery_only_until_verified,0.15,public_source_metadata,must_open_and_archive_before_main_use,not_a_standalone_rule_claim,yes,"Before submission, preserve source title/date/accessed_at and page evidence in a reproducible appendix or source-data table."
PPR_053,深圳中洲万豪酒店,private_hospitality,hotel,南山区,no_pets_except_service_animals,https://www.marriott.com/en-us/hotels/szxwt-shenzhen-marriott-hotel-nanshan/overview/,2026,operator_policy_page,B_operator_primary,main_model,0.9,public_source_metadata,verify_before_submission,rule_claim_allowed,yes,"Before submission, preserve source title/date/accessed_at and page evidence in a reproducible appendix or source-data table."
PPR_054,深圳福田JW万豪酒店,private_hospitality,hotel,福田区,generally_no_pets,https://www.marriott.com/en-us/hotels/szxjw-jw-marriott-hotel-shenzhen/overview/,2026,operator_policy_page,B_operator_primary,main_model,0.9,public_source_metadata,verify_before_submission,rule_claim_allowed,yes,"Before submission, preserve source title/date/accessed_at and page evidence in a reproducible appendix or source-data table."
PPR_055,深圳盐田凯悦酒店,private_hospitality,hotel,盐田区,no_pets_except_service_animals,https://www.hyatt.com/hyatt-regency/en-US/szxry-hyatt-regency-shenzhen-yantian/policies,2026,operator_policy_page,B_operator_primary,main_model,0.9,public_source_metadata,verify_before_submission,rule_claim_allowed,yes,"Before submission, preserve source title/date/accessed_at and page evidence in a reproducible appendix or source-data table."
PPR_056,希尔顿深圳宠物友好酒店网络,private_hospitality,hotel_network,multi_area,pet_friendly_citywide_commercial_network,https://www.hilton.com/en/locations/china/shenzhen/pet-friendly/,2026,operator_directory_page,B_operator_primary,main_model_with_caution,0.7,public_source_metadata,must_open_and_archive_before_main_use,rule_claim_allowed,yes,"Before submission, preserve source title/date/accessed_at and page evidence in a reproducible appendix or source-data table."
PPR_057,深圳南山科技园希尔顿惠庭酒店,private_hospitality,hotel,南山区,pet_dog_allowed_with_cleaning_fee,https://www.hilton.com/zh-hans/hotels/szxehht-home2-suites-shenzhen-science-and-technology-park/hotel-info/,2026,operator_policy_page,B_operator_primary,main_model,0.9,public_source_metadata,verify_before_submission,rule_claim_allowed,yes,"Before submission, preserve source title/date/accessed_at and page evidence in a reproducible appendix or source-data table."
PPR_058,深圳国际会展中心希尔顿酒店,private_hospitality,hotel,宝安区,pet_dog_allowed_with_cleaning_fee,https://www.hilton.com/en/locations/china/pet-friendly/hilton-hotels/,2026,operator_directory_page,B_operator_primary,main_model_with_caution,0.7,public_source_metadata,must_open_and_archive_before_main_use,rule_claim_allowed,yes,"Before submission, preserve source title/date/accessed_at and page evidence in a reproducible appendix or source-data table."
PPR_059,天虹全国宠物友好商场行动,private_commercial,shopping_mall_network,multi_area,pet_friendly_citywide_commercial_network,https://www.marketw.cn/pet/22741.shtml,2024,industry_media_chain_report,D_secondary_industry_media,supplement_or_sensitivity,0.45,public_source_metadata,must_open_and_archive_before_main_use,sensitivity_or_context_claim_only,yes,"Before submission, preserve source title/date/accessed_at and page evidence in a reproducible appendix or source-data table."
PPR_060,深圳万象天地,private_commercial,shopping_mall_sample,南山区,operator_discretion_under_municipal_rule,https://zh.wikipedia.org/wiki/%E6%B7%B1%E5%9C%B3%E8%90%AC%E8%B1%A1%E5%A4%A9%E5%9C%B0,2026,venue_identity_only,G_venue_identity_only,candidate_queue_only_no_rule_claim,0.0,public_source_metadata,must_open_and_archive_before_main_use,not_a_standalone_rule_claim,yes,"Before submission, preserve source title/date/accessed_at and page evidence in a reproducible appendix or source-data table."
PPR_061,深圳湾万象城,private_commercial,shopping_mall_sample,南山区,operator_discretion_under_municipal_rule,https://zh.wikipedia.org/wiki/%E6%B7%B1%E5%9C%B3%E7%81%A3%E8%90%AC%E8%B1%A1%E5%9F%8E,2026,venue_identity_only,G_venue_identity_only,candidate_queue_only_no_rule_claim,0.0,public_source_metadata,must_open_and_archive_before_main_use,not_a_standalone_rule_claim,yes,"Before submission, preserve source title/date/accessed_at and page evidence in a reproducible appendix or source-data table."
PPR_062,福田星河COCO Park,private_commercial,shopping_mall_sample,福田区,operator_discretion_under_municipal_rule,https://zh.wikipedia.org/wiki/%E7%A6%8F%E7%94%B0COCO_Park,2026,venue_identity_only,G_venue_identity_only,candidate_queue_only_no_rule_claim,0.0,public_source_metadata,must_open_and_archive_before_main_use,not_a_standalone_rule_claim,yes,"Before submission, preserve source title/date/accessed_at and page evidence in a reproducible appendix or source-data table."
PPR_063,深圳公园携宠经验争议样本,public_experience_context,park_access_experience,multi_area,pet_friendly_but_low_evidence_platform_story,https://www.reddit.com/r/shenzhen/comments/1qz3p1l/is_there_a_park_that_allows_dogs_in_shenzhen/,2026,public_forum_lead,E_discovery_or_context,discovery_only_until_verified,0.15,public_source_metadata,must_open_and_archive_before_main_use,not_a_standalone_rule_claim,yes,"Before submission, preserve source title/date/accessed_at and page evidence in a reproducible appendix or source-data table."
PPR_064,深圳养犬日常容忍度经验样本,public_experience_context,citywide_living_experience,citywide,pet_friendly_but_low_evidence_platform_story,https://www.reddit.com/r/shenzhen/comments/1ijnyqk,2025,public_forum_lead,E_discovery_or_context,discovery_only_until_verified,0.15,public_source_metadata,must_open_and_archive_before_main_use,not_a_standalone_rule_claim,yes,"Before submission, preserve source title/date/accessed_at and page evidence in a reproducible appendix or source-data table."
PPR_065,Renaissance Shenzhen Bay Hotel,private_hospitality,hotel,南山区,no_pets_except_service_animals,https://www.marriott.com/en-us/hotels/szxrb-renaissance-shenzhen-bay-hotel/overview/,2026,operator_policy_page,B_operator_primary,main_model,0.9,public_source_metadata,verify_before_submission,rule_claim_allowed,yes,"Before submission, preserve source title/date/accessed_at and page evidence in a reproducible appendix or source-data table."
PPR_066,Four Points by Sheraton Shenzhen,private_hospitality,hotel,福田区,generally_no_pets,https://www.marriott.com/en-us/hotels/szxfp-four-points-shenzhen/overview/,2026,operator_policy_page,B_operator_primary,main_model,0.9,public_source_metadata,verify_before_submission,rule_claim_allowed,yes,"Before submission, preserve source title/date/accessed_at and page evidence in a reproducible appendix or source-data table."
PPR_067,Four Points by Sheraton Shenzhen Airport,private_hospitality,hotel,宝安区,generally_no_pets,https://www.marriott.com/en-us/hotels/szxap-four-points-shenzhen-airport/,2026,operator_policy_page,B_operator_primary,main_model,0.9,public_source_metadata,verify_before_submission,rule_claim_allowed,yes,"Before submission, preserve source title/date/accessed_at and page evidence in a reproducible appendix or source-data table."
PPR_068,Four Points by Sheraton Shenzhen Bao'an,private_hospitality,hotel,宝安区,generally_no_pets,https://www.marriott.com/en-us/hotels/szxfb-four-points-shenzhen-baoan/overview/,2026,operator_policy_page,B_operator_primary,main_model,0.9,public_source_metadata,verify_before_submission,rule_claim_allowed,yes,"Before submission, preserve source title/date/accessed_at and page evidence in a reproducible appendix or source-data table."
PPR_069,The Ritz-Carlton Shenzhen,private_hospitality,hotel,福田区,generally_no_pets,https://www.ritzcarlton.com/en/hotels/szxrz-the-ritz-carlton-shenzhen/overview/,2026,operator_policy_page,B_operator_primary,main_model,0.9,public_source_metadata,verify_before_submission,rule_claim_allowed,yes,"Before submission, preserve source title/date/accessed_at and page evidence in a reproducible appendix or source-data table."
PPR_070,Shenzhen Marriott Hotel Golden Bay current policy,private_hospitality,hotel,大鹏新区,pet_dog_allowed_with_cleaning_fee,https://www.marriott.com/en-us/hotels/szxgb-shenzhen-marriott-hotel-golden-bay/overview/,2026,operator_policy_page,B_operator_primary,main_model,0.9,public_source_metadata,verify_before_submission,rule_claim_allowed,yes,"Before submission, preserve source title/date/accessed_at and page evidence in a reproducible appendix or source-data table."
PPR_071,Shenzhen Marriott Hotel Golden Bay historical policy inconsistency,private_hospitality,hotel_policy_change_context,大鹏新区,operator_policy_change_or_inconsistency,https://www.marriott.com/hotels/travel/szxgb-shenzhen-marriott-hotel-golden-bay/,2025-2026,operator_policy_page_temporal_conflict,E_discovery_or_context,discovery_only_until_verified,0.0,public_source_metadata,must_open_and_archive_before_main_use,not_a_standalone_rule_claim,yes,"Before submission, preserve source title/date/accessed_at and page evidence in a reproducible appendix or source-data table."
PPR_072,宝安天虹宠物友好五店,private_commercial,shopping_mall_group,宝安区,pet_friendly_with_zoned_facilities,https://www.dutenews.com/n/article/8230248,2024-06-10,media_report_with_operator_details,C_reported_operator_detail,supplement_or_sensitivity,0.65,public_source_metadata,must_open_and_archive_before_main_use,sensitivity_or_context_claim_only,yes,"Before submission, preserve source title/date/accessed_at and page evidence in a reproducible appendix or source-data table."
PPR_073,深圳天虹25家宠物友好空间升级,private_commercial,shopping_mall_network,multi_area,pet_friendly_citywide_commercial_network,https://www.dutenews.com/n/article/8230248,2024-06-10,media_report_with_operator_details,C_reported_operator_detail,supplement_or_sensitivity,0.65,public_source_metadata,must_open_and_archive_before_main_use,sensitivity_or_context_claim_only,yes,"Before submission, preserve source title/date/accessed_at and page evidence in a reproducible appendix or source-data table."
PPR_074,绿景佐阾红树林购物中心,private_commercial,shopping_mall,福田区,pet_friendly_with_entry_rules,https://www.dutenews.com/p/8309185.html,2024-07-26,local_media_operator_report,C_reported_operator_detail,supplement_or_sensitivity,0.6,public_source_metadata,must_open_and_archive_before_main_use,sensitivity_or_context_claim_only,yes,"Before submission, preserve source title/date/accessed_at and page evidence in a reproducible appendix or source-data table."
PPR_075,KK ONE购物中心,private_commercial,shopping_mall,福田区,pet_friendly_with_zoned_facilities,https://www.dutenews.com/p/8309185.html,2024-07-26,local_media_operator_report,C_reported_operator_detail,supplement_or_sensitivity,0.6,public_source_metadata,must_open_and_archive_before_main_use,sensitivity_or_context_claim_only,yes,"Before submission, preserve source title/date/accessed_at and page evidence in a reproducible appendix or source-data table."
PPR_076,中洲湾 C Future City 宠物市集,private_commercial,shopping_mall_event,福田区,pet_friendly_but_operationally_contested,https://www.dutenews.com/p/8309185.html,2024-07-26,local_media_operator_report,C_reported_operator_detail,supplement_or_sensitivity,0.6,public_source_metadata,must_open_and_archive_before_main_use,sensitivity_or_context_claim_only,yes,"Before submission, preserve source title/date/accessed_at and page evidence in a reproducible appendix or source-data table."
PPR_077,深圳欢乐谷宠物友好季,private_recreation,theme_park_pet_friendly_event,南山区,pet_friendly_with_zoned_facilities,https://sz.ifeng.com/c/8pOsTcySP12,2025-12-26,media_report_with_operator_details,C_reported_operator_detail,supplement_or_sensitivity,0.65,public_source_metadata,must_open_and_archive_before_main_use,sensitivity_or_context_claim_only,yes,"Before submission, preserve source title/date/accessed_at and page evidence in a reproducible appendix or source-data table."
PPR_078,华润城万象天地,private_commercial,shopping_mall,南山区,pet_friendly_with_entry_rules,https://www.petdhw.com/xiamen-show-36758.html,2023-12-31,venue_directory_page,E_discovery_or_context,discovery_only_until_verified,0.3,public_source_metadata,must_open_and_archive_before_main_use,not_a_standalone_rule_claim,yes,"Before submission, preserve source title/date/accessed_at and page evidence in a reproducible appendix or source-data table."
PPR_079,深圳宜家家居北环大道店,private_commercial,shopping_mall,南山区,pet_friendly_with_entry_rules,https://www.petdhw.com/xiamen-show-36758.html,2023-12-31,venue_directory_page,E_discovery_or_context,discovery_only_until_verified,0.3,public_source_metadata,must_open_and_archive_before_main_use,not_a_standalone_rule_claim,yes,"Before submission, preserve source title/date/accessed_at and page evidence in a reproducible appendix or source-data table."
PPR_080,海岸城购物中心,private_commercial,shopping_mall_sample,南山区,pet_friendly_with_entry_rules,https://www.sohu.com/a/722271319_120114194,2023-09-21,industry_media_field_report,D_secondary_industry_media,supplement_or_sensitivity,0.45,public_source_metadata,must_open_and_archive_before_main_use,sensitivity_or_context_claim_only,yes,"Before submission, preserve source title/date/accessed_at and page evidence in a reproducible appendix or source-data table."
PPR_081,沙井京基百纳广场年度报告规则证据,private_commercial,shopping_mall,宝安区,pet_friendly_with_zoned_facilities,https://www.100est.com/res/financial-report/r2024/SZ000608_202504191658606333.pdf,2025-04-19,operator_annual_report,B_operator_primary,main_model,0.85,public_source_metadata,must_open_and_archive_before_main_use,rule_claim_allowed,yes,"Before submission, preserve source title/date/accessed_at and page evidence in a reproducible appendix or source-data table."
PPR_082,福田绿谷公园周边宠物友好空间,official_public_space,pet_friendly_activity_space,福田区,allowed_pet_friendly_activity_space,https://www.szft.gov.cn/bmxx/qfzhggj/gzdt/content/post_11386013.html,2024-06-22,official_page,A_official_primary,main_model,0.95,public_source_metadata,verify_before_submission,rule_claim_allowed,yes,"Before submission, preserve source title/date/accessed_at and page evidence in a reproducible appendix or source-data table."
PPR_083,香蜜湖中旅花园二期宠物友好活动区域,official_public_space,pet_friendly_activity_space,福田区,allowed_pet_friendly_activity_space,https://www.szft.gov.cn/bmxx/qfzhggj/gzdt/content/post_11386013.html,2024-06-22,official_page,A_official_primary,main_model,0.95,public_source_metadata,verify_before_submission,rule_claim_allowed,yes,"Before submission, preserve source title/date/accessed_at and page evidence in a reproducible appendix or source-data table."
PPR_084,沙头新洲路紫薇公园宠物友好空间,official_public_space,pet_friendly_activity_space,福田区,allowed_pet_friendly_activity_space,https://www.szft.gov.cn/bmxx/qfzhggj/gzdt/content/post_11386013.html,2024-06-22,official_page,A_official_primary,main_model,0.95,public_source_metadata,verify_before_submission,rule_claim_allowed,yes,"Before submission, preserve source title/date/accessed_at and page evidence in a reproducible appendix or source-data table."
PPR_085,深圳国际创新中心A座周边宠物友好空间,official_public_space,pet_friendly_activity_space,福田区,allowed_pet_friendly_activity_space,https://www.szft.gov.cn/bmxx/qfzhggj/gzdt/content/post_11386013.html,2024-06-22,official_page,A_official_primary,main_model,0.95,public_source_metadata,verify_before_submission,rule_claim_allowed,yes,"Before submission, preserve source title/date/accessed_at and page evidence in a reproducible appendix or source-data table."
PPR_086,华强北鹏怡苑社区小公园宠物友好空间,official_public_space,pet_friendly_activity_space,福田区,allowed_pet_friendly_activity_space,https://www.szft.gov.cn/bmxx/qfzhggj/gzdt/content/post_11386013.html,2024-06-22,official_page,A_official_primary,main_model,0.95,public_source_metadata,verify_before_submission,rule_claim_allowed,yes,"Before submission, preserve source title/date/accessed_at and page evidence in a reproducible appendix or source-data table."
PPR_087,梅林梅京社区街心小公园宠物友好空间,official_public_space,pet_friendly_activity_space,福田区,allowed_pet_friendly_activity_space,https://www.szft.gov.cn/bmxx/qfzhggj/gzdt/content/post_11386013.html,2024-06-22,official_page,A_official_primary,main_model,0.95,public_source_metadata,verify_before_submission,rule_claim_allowed,yes,"Before submission, preserve source title/date/accessed_at and page evidence in a reproducible appendix or source-data table."
PPR_088,园岭三街雕塑公园宠物友好空间,official_public_space,pet_friendly_activity_space,福田区,allowed_pet_friendly_activity_space,https://www.szft.gov.cn/bmxx/qfzhggj/gzdt/content/post_11386013.html,2024-06-22,official_page,A_official_primary,main_model,0.95,public_source_metadata,verify_before_submission,rule_claim_allowed,yes,"Before submission, preserve source title/date/accessed_at and page evidence in a reproducible appendix or source-data table."
PPR_089,莲花彩田村三层坪台宠物友好空间,official_public_space,pet_friendly_activity_space,福田区,allowed_pet_friendly_activity_space,https://www.szft.gov.cn/bmxx/qfzhggj/gzdt/content/post_11386013.html,2024-06-22,official_page,A_official_primary,main_model,0.95,public_source_metadata,verify_before_submission,rule_claim_allowed,yes,"Before submission, preserve source title/date/accessed_at and page evidence in a reproducible appendix or source-data table."
PPR_090,南园巴登社区万德居花园宠物友好空间,official_public_space,pet_friendly_activity_space,福田区,allowed_pet_friendly_activity_space,https://www.szft.gov.cn/bmxx/qfzhggj/gzdt/content/post_11386013.html,2024-06-22,official_page,A_official_primary,main_model,0.95,public_source_metadata,verify_before_submission,rule_claim_allowed,yes,"Before submission, preserve source title/date/accessed_at and page evidence in a reproducible appendix or source-data table."
PPR_091,福保桂花都市公园篮球场旁宠物友好空间,official_public_space,pet_friendly_activity_space,福田区,allowed_pet_friendly_activity_space,https://www.szft.gov.cn/bmxx/qfzhggj/gzdt/content/post_11386013.html,2024-06-22,official_page,A_official_primary,main_model,0.95,public_source_metadata,verify_before_submission,rule_claim_allowed,yes,"Before submission, preserve source title/date/accessed_at and page evidence in a reproducible appendix or source-data table."
PPR_092,福田星河COCO Park COCO Paw体系,private_commercial_standard,shopping_mall_demonstration,福田区,pet_friendly_commercial_demonstration_point,https://www.chngalaxy.com/news.aspx?id=1853&type=12,2025-10-17,operator_news_page,B_operator_primary,main_model_with_caution,0.75,public_source_metadata,already_seeded_but_recheck,rule_claim_allowed,yes,"Before submission, preserve source title/date/accessed_at and page evidence in a reproducible appendix or source-data table."
PPR_093,深圳宠物友好型商场建设指引试行版,private_commercial_standard,shopping_mall_standard,citywide,standardized_pet_friendly_commercial_operation,https://www.chngalaxy.com/news.aspx?id=1853&type=12,2025-10-17,operator_news_page,B_operator_primary,main_model_with_caution,0.75,public_source_metadata,already_seeded_but_recheck,rule_claim_allowed,yes,"Before submission, preserve source title/date/accessed_at and page evidence in a reproducible appendix or source-data table."
PPR_094,东门雅园立交桥下宠物友好活动空间,official_public_space,pet_friendly_activity_space,罗湖区,allowed_pet_friendly_activity_space,https://www.szlh.gov.cn/lhcsglj/gkmlpt/content/10/10815/post_10815379.html,2023-09-01,official_page,A_official_primary,main_model,0.95,public_source_metadata,verify_before_submission,rule_claim_allowed,yes,"Before submission, preserve source title/date/accessed_at and page evidence in a reproducible appendix or source-data table."
PPR_095,翠竹德弘社区公园宠物友好活动空间,official_public_space,pet_friendly_activity_space,罗湖区,allowed_pet_friendly_activity_space,https://www.szlh.gov.cn/lhcsglj/gkmlpt/content/10/10815/post_10815379.html,2023-09-01,official_page,A_official_primary,main_model,0.95,public_source_metadata,verify_before_submission,rule_claim_allowed,yes,"Before submission, preserve source title/date/accessed_at and page evidence in a reproducible appendix or source-data table."
PPR_096,东湖罗安居社区公园宠物友好活动空间,official_public_space,pet_friendly_activity_space,罗湖区,allowed_pet_friendly_activity_space,https://www.szlh.gov.cn/lhcsglj/gkmlpt/content/10/10815/post_10815379.html,2023-09-01,official_page,A_official_primary,main_model,0.95,public_source_metadata,verify_before_submission,rule_claim_allowed,yes,"Before submission, preserve source title/date/accessed_at and page evidence in a reproducible appendix or source-data table."
PPR_097,东晓笋岗西路转角公园宠物友好活动空间,official_public_space,pet_friendly_activity_space,罗湖区,allowed_pet_friendly_activity_space,https://www.szlh.gov.cn/lhcsglj/gkmlpt/content/10/10815/post_10815379.html,2023-09-01,official_page,A_official_primary,main_model,0.95,public_source_metadata,verify_before_submission,rule_claim_allowed,yes,"Before submission, preserve source title/date/accessed_at and page evidence in a reproducible appendix or source-data table."
PPR_098,桂园地王大厦对面街心公园宠物友好活动空间,official_public_space,pet_friendly_activity_space,罗湖区,allowed_pet_friendly_activity_space,https://www.szlh.gov.cn/lhcsglj/gkmlpt/content/10/10815/post_10815379.html,2023-09-01,official_page,A_official_primary,main_model,0.95,public_source_metadata,verify_before_submission,rule_claim_allowed,yes,"Before submission, preserve source title/date/accessed_at and page evidence in a reproducible appendix or source-data table."
PPR_099,黄贝社区公园宠物友好活动空间,official_public_space,pet_friendly_activity_space,罗湖区,allowed_pet_friendly_activity_space,https://www.szlh.gov.cn/lhcsglj/gkmlpt/content/10/10815/post_10815379.html,2023-09-01,official_page,A_official_primary,main_model,0.95,public_source_metadata,verify_before_submission,rule_claim_allowed,yes,"Before submission, preserve source title/date/accessed_at and page evidence in a reproducible appendix or source-data table."
PPR_100,莲塘莲花社区公园宠物友好活动空间,official_public_space,pet_friendly_activity_space,罗湖区,allowed_pet_friendly_activity_space,https://www.szlh.gov.cn/lhcsglj/gkmlpt/content/10/10815/post_10815379.html,2023-09-01,official_page,A_official_primary,main_model,0.95,public_source_metadata,verify_before_submission,rule_claim_allowed,yes,"Before submission, preserve source title/date/accessed_at and page evidence in a reproducible appendix or source-data table."
PPR_101,南湖玛雅城右侧草地宠物友好活动空间,official_public_space,pet_friendly_activity_space,罗湖区,allowed_pet_friendly_activity_space,https://www.szlh.gov.cn/lhcsglj/gkmlpt/content/10/10815/post_10815379.html,2023-09-01,official_page,A_official_primary,main_model,0.95,public_source_metadata,verify_before_submission,rule_claim_allowed,yes,"Before submission, preserve source title/date/accessed_at and page evidence in a reproducible appendix or source-data table."
PPR_102,清水河环湖三路金湖路银湖二街宠物友好活动空间,official_public_space,pet_friendly_activity_space,罗湖区,allowed_pet_friendly_activity_space,https://www.szlh.gov.cn/lhcsglj/gkmlpt/content/10/10815/post_10815379.html,2023-09-01,official_page,A_official_primary,main_model,0.95,public_source_metadata,verify_before_submission,rule_claim_allowed,yes,"Before submission, preserve source title/date/accessed_at and page evidence in a reproducible appendix or source-data table."
PPR_103,笋岗田贝社区44号大院文化广场宠物友好活动空间,official_public_space,pet_friendly_activity_space,罗湖区,allowed_pet_friendly_activity_space,https://www.szlh.gov.cn/lhcsglj/gkmlpt/content/10/10815/post_10815379.html,2023-09-01,official_page,A_official_primary,main_model,0.95,public_source_metadata,verify_before_submission,rule_claim_allowed,yes,"Before submission, preserve source title/date/accessed_at and page evidence in a reproducible appendix or source-data table."
PPR_104,罗湖区宠物经济高质量发展实施方案空间目标,official_district_strategy,district_pet_friendly_target,罗湖区,district_pet_friendly_development_target,https://fgw.sz.gov.cn/ztzl/qtztzl/szscjmyjjfzzhfwpt/xwdt/cyfz/content/post_12770773.html,2026-05-06,official_government_news,A_official_primary,main_model,0.9,public_source_metadata,verify_before_submission,rule_claim_allowed,yes,"Before submission, preserve source title/date/accessed_at and page evidence in a reproducible appendix or source-data table."
PPR_105,罗芳公园郊野径宠物友好线路,official_public_space,pet_friendly_trail,罗湖区,allowed_pet_friendly_trail,https://www.sznews.com/news/content/2026-04/14/content_32014061.htm,2026-04-14,local_media_operator_report,C_reported_operator_detail,supplement_or_sensitivity,0.6,public_source_metadata,already_seeded_but_recheck,sensitivity_or_context_claim_only,yes,"Before submission, preserve source title/date/accessed_at and page evidence in a reproducible appendix or source-data table."
PPR_106,ZoNe丨宠域知汇宠物生态城,private_commercial,pet_economy_complex,罗湖区,pet_friendly_with_zoned_facilities,https://fgw.sz.gov.cn/ztzl/qtztzl/szscjmyjjfzzhfwpt/xwdt/cyfz/content/post_12770773.html,2026-05-06,official_government_news,A_official_primary,main_model,0.9,public_source_metadata,verify_before_submission,rule_claim_allowed,yes,"Before submission, preserve source title/date/accessed_at and page evidence in a reproducible appendix or source-data table."
PPR_107,天河城绿洲·宠物友好生活聚场,private_commercial,shopping_mall_pet_social_space,罗湖区,pet_friendly_with_zoned_facilities,https://fgw.sz.gov.cn/ztzl/qtztzl/szscjmyjjfzzhfwpt/xwdt/cyfz/content/post_12770773.html,2026-05-06,official_government_news,A_official_primary,main_model,0.9,public_source_metadata,verify_before_submission,rule_claim_allowed,yes,"Before submission, preserve source title/date/accessed_at and page evidence in a reproducible appendix or source-data table."
PPR_108,深圳巴士H239宠物友好线路,official_mobility_space,pet_friendly_bus_route,宝安区;南山区,pet_friendly_transport_service,https://amr.sz.gov.cn/xxgk/xwzx/mtbd/content/post_11481583.html,2024-08-02,official_government_news,A_official_primary,main_model,0.9,public_source_metadata,verify_before_submission,rule_claim_allowed,yes,"Before submission, preserve source title/date/accessed_at and page evidence in a reproducible appendix or source-data table."
PPR_109,深圳宠物友好空间官方媒体统计,official_citywide_context,citywide_pet_friendly_space_metric,citywide,pet_friendly_citywide_commercial_network,https://amr.sz.gov.cn/xxgk/xwzx/mtbd/content/post_11481583.html,2024-08-02,official_government_news,A_official_primary,main_model,0.9,public_source_metadata,verify_before_submission,rule_claim_allowed,yes,"Before submission, preserve source title/date/accessed_at and page evidence in a reproducible appendix or source-data table."
PPR_110,前海欢乐港湾宠物友好商业街区,private_commercial,shopping_mall,宝安区,pet_friendly_commercial_demonstration_point,https://www.sznews.com/news/content/2025-03/21/content_31494861.htm,2025-03-21,local_media_operator_report,C_reported_operator_detail,supplement_or_sensitivity,0.6,public_source_metadata,already_seeded_but_recheck,sensitivity_or_context_claim_only,yes,"Before submission, preserve source title/date/accessed_at and page evidence in a reproducible appendix or source-data table."
PPR_111,深圳欢乐谷宠物友好季服务体系,private_recreation,theme_park_pet_friendly_event,南山区,pet_friendly_with_zoned_facilities,https://m.dutenews.com/n/article/10315677,2026-02-01,media_report_with_operator_details,C_reported_operator_detail,supplement_or_sensitivity,0.65,public_source_metadata,already_seeded_but_recheck,sensitivity_or_context_claim_only,yes,"Before submission, preserve source title/date/accessed_at and page evidence in a reproducible appendix or source-data table."
PPR_112,龙华区2025宠物友好社区与商场目标,official_district_strategy,district_pet_friendly_target,龙华区,district_pet_friendly_development_target,https://www.sznews.com/news/content/mb/2025-04/22/content_31545166.htm?cxid=jy160&token=1745308800112,2025-04-22,local_media_operator_report,C_reported_operator_detail,supplement_or_sensitivity,0.6,public_source_metadata,already_seeded_but_recheck,sensitivity_or_context_claim_only,yes,"Before submission, preserve source title/date/accessed_at and page evidence in a reproducible appendix or source-data table."
PPR_HILTON_001,Hilton Shenzhen Futian,private_hospitality,hotel,深圳市,hotel_structured_pets_not_allowed,https://www.hilton.com/en/locations/china/shenzhen/,2026,operator_structured_location_page,B_operator_primary,main_model,0.85,Hilton __NEXT_DATA__ amenityIds; ctyhocn=SZXSFHI; accessed_at=2026-05-28T20:57:21.965912+00:00,already_seeded_but_recheck,rule_claim_allowed,yes,"Before submission, preserve source title/date/accessed_at and page evidence in a reproducible appendix or source-data table."
PPR_HILTON_002,Hampton by Hilton Shenzhen Futian Port,private_hospitality,hotel,深圳市,hotel_structured_pets_not_allowed,https://www.hilton.com/en/locations/china/shenzhen/,2026,operator_structured_location_page,B_operator_primary,main_model,0.85,Hilton __NEXT_DATA__ amenityIds; ctyhocn=SZXADHX; accessed_at=2026-05-28T20:57:21.965912+00:00,already_seeded_but_recheck,rule_claim_allowed,yes,"Before submission, preserve source title/date/accessed_at and page evidence in a reproducible appendix or source-data table."
PPR_HILTON_003,Hampton by Hilton Shenzhen Futian Huaqiangbei,private_hospitality,hotel,深圳市,hotel_structured_pets_not_allowed,https://www.hilton.com/en/locations/china/shenzhen/,2026,operator_structured_location_page,B_operator_primary,main_model,0.85,Hilton __NEXT_DATA__ amenityIds; ctyhocn=SZXEWHX; accessed_at=2026-05-28T20:57:21.965912+00:00,already_seeded_but_recheck,rule_claim_allowed,yes,"Before submission, preserve source title/date/accessed_at and page evidence in a reproducible appendix or source-data table."
PPR_HILTON_004,Hampton Apartments by Hilton Shenzhen Futian Mangrove Park,private_hospitality,hotel,深圳市,hotel_structured_pets_not_allowed,https://www.hilton.com/en/locations/china/shenzhen/,2026,operator_structured_location_page,B_operator_primary,main_model,0.85,Hilton __NEXT_DATA__ amenityIds; ctyhocn=SZXFHHX; accessed_at=2026-05-28T20:57:21.965912+00:00,already_seeded_but_recheck,rule_claim_allowed,yes,"Before submission, preserve source title/date/accessed_at and page evidence in a reproducible appendix or source-data table."
PPR_HILTON_005,Hilton Garden Inn Shenzhen Luohu Port,private_hospitality,hotel,深圳市,hotel_structured_pets_not_allowed,https://www.hilton.com/en/locations/china/shenzhen/,2026,operator_structured_location_page,B_operator_primary,main_model,0.85,Hilton __NEXT_DATA__ amenityIds; ctyhocn=SZXLHGI; accessed_at=2026-05-28T20:57:21.965912+00:00,already_seeded_but_recheck,rule_claim_allowed,yes,"Before submission, preserve source title/date/accessed_at and page evidence in a reproducible appendix or source-data table."
PPR_HILTON_006,Hampton by Hilton Shenzhen Dongmen,private_hospitality,hotel,深圳市,hotel_structured_pets_not_allowed,https://www.hilton.com/en/locations/china/shenzhen/,2026,operator_structured_location_page,B_operator_primary,main_model,0.85,Hilton __NEXT_DATA__ amenityIds; ctyhocn=SZXXXHX; accessed_at=2026-05-28T20:57:21.965912+00:00,already_seeded_but_recheck,rule_claim_allowed,yes,"Before submission, preserve source title/date/accessed_at and page evidence in a reproducible appendix or source-data table."
PPR_HILTON_007,Hampton by Hilton Shenzhen North Station,private_hospitality,hotel,深圳市,hotel_structured_pets_not_allowed,https://www.hilton.com/en/locations/china/shenzhen/,2026,operator_structured_location_page,B_operator_primary,main_model,0.85,Hilton __NEXT_DATA__ amenityIds; ctyhocn=SZXBBHX; accessed_at=2026-05-28T20:57:21.965912+00:00,already_seeded_but_recheck,rule_claim_allowed,yes,"Before submission, preserve source title/date/accessed_at and page evidence in a reproducible appendix or source-data table."
PPR_HILTON_008,DoubleTree by Hilton Shenzhen Bay,private_hospitality,hotel,深圳市,hotel_structured_pets_not_allowed,https://www.hilton.com/en/locations/china/shenzhen/,2026,operator_structured_location_page,B_operator_primary,main_model,0.85,Hilton __NEXT_DATA__ amenityIds; ctyhocn=SZXPODI; accessed_at=2026-05-28T20:57:21.965912+00:00,already_seeded_but_recheck,rule_claim_allowed,yes,"Before submission, preserve source title/date/accessed_at and page evidence in a reproducible appendix or source-data table."
PPR_HILTON_009,Hampton by Hilton Shenzhen Bantian,private_hospitality,hotel,深圳市,hotel_structured_pets_not_allowed,https://www.hilton.com/en/locations/china/shenzhen/,2026,operator_structured_location_page,B_operator_primary,main_model,0.85,Hilton __NEXT_DATA__ amenityIds; ctyhocn=SZXBNHX; accessed_at=2026-05-28T20:57:21.965912+00:00,already_seeded_but_recheck,rule_claim_allowed,yes,"Before submission, preserve source title/date/accessed_at and page evidence in a reproducible appendix or source-data table."
PPR_HILTON_010,Hampton by Hilton Shenzhen Nanshan Science & Technology Park,private_hospitality,hotel,深圳市,hotel_structured_pets_not_allowed,https://www.hilton.com/en/locations/china/shenzhen/,2026,operator_structured_location_page,B_operator_primary,main_model,0.85,Hilton __NEXT_DATA__ amenityIds; ctyhocn=SZXNSHX; accessed_at=2026-05-28T20:57:21.965912+00:00,already_seeded_but_recheck,rule_claim_allowed,yes,"Before submission, preserve source title/date/accessed_at and page evidence in a reproducible appendix or source-data table."
PPR_HILTON_011,Home2 Suites by Hilton Shenzhen Nanshan Science & Technology Park,private_hospitality,hotel,深圳市,pet_friendly_hotel_structured_allowed,https://www.hilton.com/en/locations/china/shenzhen/,2026,operator_structured_location_page,B_operator_primary,main_model,0.85,Hilton __NEXT_DATA__ amenityIds; ctyhocn=SZXEHHT; accessed_at=2026-05-28T20:57:21.965912+00:00,already_seeded_but_recheck,rule_claim_allowed,yes,"Before submission, preserve source title/date/accessed_at and page evidence in a reproducible appendix or source-data table."
PPR_HILTON_012,DoubleTree by Hilton Shenzhen Longhua,private_hospitality,hotel,深圳市,pet_friendly_hotel_structured_allowed,https://www.hilton.com/en/locations/china/shenzhen/,2026,operator_structured_location_page,B_operator_primary,main_model,0.85,Hilton __NEXT_DATA__ amenityIds; ctyhocn=SZXDJDI; accessed_at=2026-05-28T20:57:21.965912+00:00,already_seeded_but_recheck,rule_claim_allowed,yes,"Before submission, preserve source title/date/accessed_at and page evidence in a reproducible appendix or source-data table."
PPR_HILTON_013,Hilton Garden Inn Shenzhen Nanshan Avenue,private_hospitality,hotel,深圳市,hotel_structured_pets_not_allowed,https://www.hilton.com/en/locations/china/shenzhen/,2026,operator_structured_location_page,B_operator_primary,main_model,0.85,Hilton __NEXT_DATA__ amenityIds; ctyhocn=SZXEEGI; accessed_at=2026-05-28T20:57:21.965912+00:00,already_seeded_but_recheck,rule_claim_allowed,yes,"Before submission, preserve source title/date/accessed_at and page evidence in a reproducible appendix or source-data table."
PPR_HILTON_014,Hampton by Hilton Shenzhen Longhua Qinghu,private_hospitality,hotel,深圳市,hotel_structured_pets_not_allowed,https://www.hilton.com/en/locations/china/shenzhen/,2026,operator_structured_location_page,B_operator_primary,main_model,0.85,Hilton __NEXT_DATA__ amenityIds; ctyhocn=SZXTHHX; accessed_at=2026-05-28T20:57:21.965912+00:00,already_seeded_but_recheck,rule_claim_allowed,yes,"Before submission, preserve source title/date/accessed_at and page evidence in a reproducible appendix or source-data table."
PPR_HILTON_015,DoubleTree by Hilton Shenzhen Nanshan Hotel & Residences,private_hospitality,hotel,深圳市,hotel_structured_pets_not_allowed,https://www.hilton.com/en/locations/china/shenzhen/,2026,operator_structured_location_page,B_operator_primary,main_model,0.85,Hilton __NEXT_DATA__ amenityIds; ctyhocn=SZXSDDI; accessed_at=2026-05-28T20:57:21.965912+00:00,already_seeded_but_recheck,rule_claim_allowed,yes,"Before submission, preserve source title/date/accessed_at and page evidence in a reproducible appendix or source-data table."
PPR_HILTON_016,Hampton by Hilton Shenzhen Bao’an Xin’an,private_hospitality,hotel,深圳市,hotel_structured_pets_not_allowed,https://www.hilton.com/en/locations/china/shenzhen/,2026,operator_structured_location_page,B_operator_primary,main_model,0.85,Hilton __NEXT_DATA__ amenityIds; ctyhocn=SZXSCHX; accessed_at=2026-05-28T20:57:21.965912+00:00,already_seeded_but_recheck,rule_claim_allowed,yes,"Before submission, preserve source title/date/accessed_at and page evidence in a reproducible appendix or source-data table."
PPR_HILTON_017,Hilton Shenzhen Shekou Nanhai,private_hospitality,hotel,深圳市,pet_friendly_hotel_structured_allowed,https://www.hilton.com/en/locations/china/shenzhen/,2026,operator_structured_location_page,B_operator_primary,main_model,0.85,Hilton __NEXT_DATA__ amenityIds; ctyhocn=SZXSSHI; accessed_at=2026-05-28T20:57:21.965912+00:00,already_seeded_but_recheck,rule_claim_allowed,yes,"Before submission, preserve source title/date/accessed_at and page evidence in a reproducible appendix or source-data table."
PPR_HILTON_018,Conrad Shenzhen,private_hospitality,hotel,深圳市,hotel_structured_pets_not_allowed,https://www.hilton.com/en/locations/china/shenzhen/,2026,operator_structured_location_page,B_operator_primary,main_model,0.85,Hilton __NEXT_DATA__ amenityIds; ctyhocn=SZXCICI; accessed_at=2026-05-28T20:57:21.965912+00:00,already_seeded_but_recheck,rule_claim_allowed,yes,"Before submission, preserve source title/date/accessed_at and page evidence in a reproducible appendix or source-data table."
PPR_HILTON_019,Hampton by Hilton Shenzhen Longhua Dalang Commercial Center,private_hospitality,hotel,深圳市,hotel_structured_pets_not_allowed,https://www.hilton.com/en/locations/china/shenzhen/,2026,operator_structured_location_page,B_operator_primary,main_model,0.85,Hilton __NEXT_DATA__ amenityIds; ctyhocn=SZXHRHX; accessed_at=2026-05-28T20:57:21.965912+00:00,already_seeded_but_recheck,rule_claim_allowed,yes,"Before submission, preserve source title/date/accessed_at and page evidence in a reproducible appendix or source-data table."
PPR_HILTON_020,Hampton by Hilton Shenzhen Nanshan Qianhai,private_hospitality,hotel,深圳市,hotel_structured_pets_not_allowed,https://www.hilton.com/en/locations/china/shenzhen/,2026,operator_structured_location_page,B_operator_primary,main_model,0.85,Hilton __NEXT_DATA__ amenityIds; ctyhocn=SZXHCHX; accessed_at=2026-05-28T20:57:21.965912+00:00,already_seeded_but_recheck,rule_claim_allowed,yes,"Before submission, preserve source title/date/accessed_at and page evidence in a reproducible appendix or source-data table."
